ChEBI_ID,Metabolite Name
CHEBI:38106,organosulfur heterocyclic compound
CHEBI:52425,ec 3.2.1.18 (exo-alpha-sialidase) inhibitor
CHEBI:24265,gluconate
CHEBI:78947,archaeal metabolite
CHEBI:25872,pentacyclic triterpenoid
CHEBI:17634,d-glucose
CHEBI:204928,cefotaxime
CHEBI:16862,nucleoside 5'-diphosphate
CHEBI:76924,plant metabolite
CHEBI:456216,adp(3-)
CHEBI:36357,polyatomic entity
CHEBI:15589,(s)-malate(2-)
CHEBI:16240,hydrogen peroxide
CHEBI:36830,monoanion
CHEBI:26348,prosthetic group
CHEBI:57630,gamma-amino-beta-hydroxybutyric acid zwitterion
CHEBI:35350,hydroxy steroid
CHEBI:133748,citrate anion
CHEBI:50902,genotoxin
CHEBI:23377,copper molecular entity
CHEBI:36562,main-group coordination entity
CHEBI:76737,ec 1.10.* (oxidoreductase acting on diphenols and related substances as donors) inhibitor
CHEBI:25435,mutagen
CHEBI:33676,d-block molecular entity
CHEBI:76989,phytoestrogen
CHEBI:46648,nitrite salt
CHEBI:29034,iron(3+)
CHEBI:58464,"nucleoside 3',5'-cyclic phosphate anion"
CHEBI:24964,deoxyketohexose phosphate
CHEBI:79089,ceric oxide
CHEBI:16914,salicylic acid
CHEBI:33233,fundamental particle
CHEBI:65328,l-xylose
CHEBI:17289,homoserine lactone
CHEBI:35276,ammonium compound
CHEBI:33674,s-block molecular entity
CHEBI:23357,cofactor
CHEBI:67079,anti-inflammatory agent
CHEBI:24793,indoledione
CHEBI:27237,uridine phosphate
CHEBI:35224,effector
CHEBI:28938,ammonium
CHEBI:16215,phosphonate(2-)
CHEBI:37848,plant hormone
CHEBI:29036,copper(2+)
CHEBI:37957,histaminergic drug
CHEBI:17115,l-serine
CHEBI:35202,molybdenum coordination entity
CHEBI:61404,datp(4-)
CHEBI:48218,antiseptic drug
CHEBI:78377,ec 1.3.1.8 [acyl-coa dehydrogenase (nadp(+))] inhibitor
CHEBI:27364,zinc molecular entity
CHEBI:27568,selenium atom
CHEBI:27027,micronutrient
CHEBI:63940,sodium tungstate
CHEBI:26398,purine ribonucleoside triphosphate
CHEBI:17698,chloramphenicol
CHEBI:24648,hydroxamic acid anion
CHEBI:47881,3-oxo monocarboxylic acid
CHEBI:57932,d-methionine zwitterion
CHEBI:50858,corticosteroid
CHEBI:32439,alaninate
CHEBI:76848,ec 1.17.4.* (oxidoreductase acting on ch or ch2 with a disulfide as acceptor) inhibitor
CHEBI:24455,guanosine phosphate
CHEBI:33561,d-block element atom
CHEBI:16857,l-threonine
CHEBI:32840,d-serinate
CHEBI:33299,alkaline earth molecular entity
CHEBI:3259,cccp
CHEBI:32690,d-argininium(2+)
CHEBI:36481,oleanane
CHEBI:76697,ec 5.99.* (other isomerases) inhibitor
CHEBI:17984,acyl-coa
CHEBI:26558,ribonucleoside monophosphate
CHEBI:49107,thiamine(2+)
CHEBI:30465,tellurous acid
CHEBI:15705,l-alpha-amino acid
CHEBI:35620,vasodilator agent
CHEBI:58065,homocysteine zwitterion
CHEBI:27137,triose
CHEBI:63789,n-(3-oxohexanoyl)-l-homoserine lactone
CHEBI:16398,d-threonine
CHEBI:51852,alpha-ketonitrile
CHEBI:15595,malate(2-)
CHEBI:24869,ionophore
CHEBI:37121,guanosine 5'-phosphate
CHEBI:40721,adenosine 5'-monophosphate(1+)
CHEBI:48355,non-polar solvent
CHEBI:17032,2-dehydro-3-deoxy-d-gluconic acid
CHEBI:33707,gamma-amino acid
CHEBI:21731,n-glycosyl compound
CHEBI:72755,kanamycin c(4+)
CHEBI:27311,volatile oil component
CHEBI:38157,iron chelator
CHEBI:25750,oxime
CHEBI:25710,organophosphorus compound
CHEBI:16755,chenodeoxycholic acid
CHEBI:33187,oxomalononitrile
CHEBI:45506,alpha-d-ribose
CHEBI:36229,allolactose
CHEBI:59777,ketal
CHEBI:57299,atp(3-)
CHEBI:76840,"ec 1.14.99.* (miscellaneous oxidoreductase acting on paired donors, with incorporation or reduction of molecular oxygen) inhibitor"
CHEBI:16199,urea
CHEBI:33263,diatomic oxygen
CHEBI:35342,17alpha-hydroxy steroid
CHEBI:27136,triol
CHEBI:76830,ec 5.99.1.* (miscellaneous isomerase) inhibitor
CHEBI:131657,cholane derivative
CHEBI:26649,serine derivative
CHEBI:30362,isopentane
CHEBI:32784,tyrosinate(1-)
CHEBI:36699,corticosteroid hormone
CHEBI:50247,antidote
CHEBI:22301,aldonic acid
CHEBI:50103,excitatory amino acid agonist
CHEBI:58722,n-acetylmuramate 6-phosphate
CHEBI:16189,sulfate
CHEBI:33597,homocyclic compound
CHEBI:35884,primary phosphine
CHEBI:61078,purine nucleoside bisphosphate
CHEBI:35544,ec 1.14.99.1 (prostaglandin-endoperoxide synthase) inhibitor
CHEBI:60643,nmda receptor antagonist
CHEBI:36820,ring assembly
CHEBI:28383,"alpha,omega-dicarboxylic acid"
CHEBI:74529,antidote to paracetamol poisoning
CHEBI:68452,azole
CHEBI:35605,carbon oxoacid
CHEBI:78604,ursodeoxycholate
CHEBI:72947,kanamycin d(3+)
CHEBI:75767,animal metabolite
CHEBI:30655,l-homoserine lactone
CHEBI:33305,tellurium molecular entity
CHEBI:22563,anion
CHEBI:23004,carbamoyl group
CHEBI:48356,protic solvent
CHEBI:58946,acyl-coa oxoanion
CHEBI:78616,carbohydrates and carbohydrate derivatives
CHEBI:64459,biaryl
CHEBI:33703,amino-acid cation
CHEBI:39270,naphthofuran
CHEBI:33341,titanium atom
CHEBI:36628,"1,8-naphthyridine"
CHEBI:32442,l-cysteinate(1-)
CHEBI:57586,biotinate
CHEBI:47878,hexose phosphate
CHEBI:51151,dipolar compound
CHEBI:36873,radical anion
CHEBI:59063,polymyxin b2
CHEBI:58231,ctp(3-)
CHEBI:23123,chloroacetate
CHEBI:51050,titanium dioxide nanoparticle
CHEBI:12936,d-galactose
CHEBI:16793,mercury(2+)
CHEBI:50102,n-methyl-n-nitrosourea
CHEBI:35480,analgesic
CHEBI:63436,carbohydrate acid derivative
CHEBI:17146,anhydrotetracycline
CHEBI:35470,central nervous system drug
CHEBI:52440,cephalosporin carboxylic acid anion
CHEBI:50091,s-nitrosoglutathione
CHEBI:33883,fructuronic acids
CHEBI:26401,purines
CHEBI:36249,bile acid conjugate
CHEBI:32449,d-cysteinate(1-)
CHEBI:22562,anilines
CHEBI:22978,cadmium molecular entity
CHEBI:82828,oleanolate
CHEBI:32661,asparaginium
CHEBI:25371,molybdic acid
CHEBI:59769,acetal
CHEBI:35281,onium betaine
CHEBI:25697,organic cation
CHEBI:22333,alkylating agent
CHEBI:16284,datp
CHEBI:58945,organophosphate oxoanion
CHEBI:35973,3-oxo monocarboxylic acid anion
CHEBI:22194,acetyl-l-serine
CHEBI:22313,alkaline earth metal atom
CHEBI:33521,metal atom
CHEBI:52208,biophysical role
CHEBI:39179,nitroguanidine
CHEBI:35313,hexoside
CHEBI:33319,lanthanoid atom
CHEBI:78295,food component
CHEBI:63394,ketoaldonic acid derivative
CHEBI:17968,butyrate
CHEBI:22702,benzamides
CHEBI:64382,organosulfonate salt
CHEBI:16040,cytosine
CHEBI:65001,ec 3.1.1.3 (triacylglycerol lipase) inhibitor
CHEBI:85234,human blood serum metabolite
CHEBI:22479,amino cyclitol glycoside
CHEBI:33692,hydrides
CHEBI:59698,phosphoric acids
CHEBI:58954,straight-chain saturated fatty acid anion
CHEBI:32697,argininium(2+)
CHEBI:24996,lactate
CHEBI:75832,iron(2+) sulfate (anhydrous)
CHEBI:37733,ec 3.1.1.8 (cholinesterase) inhibitor
CHEBI:46774,polyether
CHEBI:33741,chromium group molecular entity
CHEBI:36234,chenodeoxycholate
CHEBI:33608,hydrogen molecular entity
CHEBI:15414,s-adenosyl-l-methionine
CHEBI:36278,cholanic acids
CHEBI:36233,disaccharide
CHEBI:52424,ec 3.2.1.* (glycosidase) inhibitor
CHEBI:29340,hydridonitrate(2-)
CHEBI:17750,glycine betaine
CHEBI:17272,propionate
CHEBI:19203,1h-pyrrole
CHEBI:50330,2-amino-2-oxoethyl group
CHEBI:77746,human metabolite
CHEBI:30754,anthranilic acid
CHEBI:63299,carbohydrate derivative
CHEBI:35545,bipyridine
CHEBI:5044,ferrioxamine b
CHEBI:16411,indole-3-acetic acid
CHEBI:33432,monoatomic chlorine
CHEBI:27150,trisaccharide
CHEBI:132943,aspartate
CHEBI:76824,ec 6.4.1.* (carboxylase) inhibitor
CHEBI:26959,thiocarboxylic ester
CHEBI:71365,rifampicin zwitterion
CHEBI:36335,trypanocidal drug
CHEBI:32716,d-tryptophanate
CHEBI:4194,d-hexose
CHEBI:38313,diazines
CHEBI:9908,ursolic acid
CHEBI:35554,cardiovascular drug
CHEBI:15816,d-arginine
CHEBI:33402,sulfur oxoacid
CHEBI:83056,daphnia magna metabolite
CHEBI:37578,halide
CHEBI:23690,dicarboxylic acid amide
CHEBI:36300,tricarboxylic acid dianion
CHEBI:25558,organonitrogen heterocyclic antibiotic
CHEBI:50926,angiogenesis modulating agent
CHEBI:35800,nitroso compound
CHEBI:62733,aromatic amide
CHEBI:47891,steroid acid
CHEBI:38780,n-nitro compound
CHEBI:50893,azaarene
CHEBI:26912,oxolanes
CHEBI:23007,carbohydrate-containing antibiotic
CHEBI:33975,magnesium salt
CHEBI:37253,elemental zinc
CHEBI:36684,organohalogen compound
CHEBI:50471,primary arylamine
CHEBI:48840,selenite salt
CHEBI:60252,lead cation
CHEBI:26144,piperazines
CHEBI:32695,argininate
CHEBI:64912,antimycobacterial drug
CHEBI:35903,oxo carboxylic acid anion
CHEBI:24840,inorganic sulfate salt
CHEBI:44423,hydroxyurea
CHEBI:16480,nitric oxide
CHEBI:33867,idonates
CHEBI:36238,5beta-cholanic acid
CHEBI:50919,antiemetic
CHEBI:33198,d-gluconic acid
CHEBI:77521,thermal degradation product
CHEBI:3507,cefsulodin
CHEBI:76797,ec 2.5.1.18 (glutathione transferase) inhibitor
CHEBI:90749,antidote to cyanide poisoning
CHEBI:32828,d-threoninium
CHEBI:35880,diphosphane
CHEBI:33318,main group element atom
CHEBI:50684,cross-linking reagent
CHEBI:33937,macronutrient
CHEBI:23775,dihydroxy-5beta-cholanic acid
CHEBI:53559,topoisomerase iv inhibitor
CHEBI:24129,furans
CHEBI:33459,pnictogen oxoanion
CHEBI:33551,organosulfonic acid
CHEBI:26395,purine nucleotide
CHEBI:18287,l-fucose
CHEBI:35132,ketose phosphate
CHEBI:46787,solvent
CHEBI:76976,bacterial xenobiotic metabolite
CHEBI:35987,diamino acid
CHEBI:50249,anticoagulant
CHEBI:27081,transition element atom
CHEBI:73216,ec 3.6.* (hydrolases acting on acid anhydrides) inhibitor
CHEBI:57844,l-methionine zwitterion
CHEBI:60249,lead ion
CHEBI:33636,bicyclic compound
CHEBI:23612,deoxyadenosine phosphate
CHEBI:29805,glycolate
CHEBI:70770,aurora kinase inhibitor
CHEBI:50860,organic molecular entity
CHEBI:35176,zinc sulfate
CHEBI:51084,inorganic nitrate salt
CHEBI:9215,spectinomycin
CHEBI:61991,maltotriose trisaccharide
CHEBI:73537,"1,8-naphthyridine derivative"
CHEBI:35179,2-oxo monocarboxylic acid anion
CHEBI:26666,short-chain fatty acid
CHEBI:17578,toluene
CHEBI:33720,carbohydrate acid
CHEBI:33434,elemental halogen
CHEBI:24971,ketohexose monophosphate
CHEBI:35790,oxazole
CHEBI:29067,carboxylic acid anion
CHEBI:32440,alaninium
CHEBI:15993,n-acyl-d-glucosamine 6-phosphate
CHEBI:33704,alpha-amino acid
CHEBI:71300,ec 2.* (transferase) inhibitor
CHEBI:47788,3-oxo steroid
CHEBI:134441,titanium oxide nanoparticle
CHEBI:85638,haloacetate(1-)
CHEBI:24757,hypochlorous acid
CHEBI:26714,sodium salt
CHEBI:36333,local anaesthetic
CHEBI:64857,cosmetic
CHEBI:50267,protective agent
CHEBI:75763,eukaryotic metabolite
CHEBI:84688,fe(iii)-complexed hydroxamate siderophore
CHEBI:35555,mancude organic heteromonocyclic parent
CHEBI:32875,methyl group
CHEBI:36047,antibacterial drug
CHEBI:131401,hexopyranosyl hexopyranoside
CHEBI:63046,emulsifier
CHEBI:51422,organodiyl group
CHEBI:51959,organic tricyclic compound
CHEBI:50675,beta-d-glucosaminyl-(1->4)-d-glucosamine
CHEBI:17478,aldehyde
CHEBI:83403,monochlorobenzenes
CHEBI:48914,glucaric acid anion
CHEBI:27899,cisplatin
CHEBI:32657,d-asparaginium
CHEBI:50266,prodrug
CHEBI:50674,chitobioses
CHEBI:132717,bleaching agent
CHEBI:50994,primary amino compound
CHEBI:17608,d-aldohexose
CHEBI:43254,"(4s)-4-hydroxy-3,4-dihydropyrimidin-2(1h)-one"
CHEBI:24473,halogen
CHEBI:37015,ribonucleoside 5'-phosphate
CHEBI:39074,mops
CHEBI:58104,nucleoside 5'-triphoshate(3-)
CHEBI:33839,macromolecule
CHEBI:60466,peptide zwitterion
CHEBI:32681,l-argininate
CHEBI:31460,desferrioxamine b mesylate
CHEBI:76206,xenobiotic metabolite
CHEBI:25698,ether
CHEBI:36982,cyclic purine nucleotide
CHEBI:22323,alkyl group
CHEBI:39144,lewis base
CHEBI:23451,cyclitol
CHEBI:22958,butenedioic acid
CHEBI:52267,7-hydroxyflavonol
CHEBI:22744,benzyl group
CHEBI:33658,arene
CHEBI:63490,explosive
CHEBI:58043,nucleoside 5'-monophosphate(2-)
CHEBI:47968,n-acetylmuramic acid 6-phosphate
CHEBI:60334,peptide anion
CHEBI:27376,methanesulfonic acid
CHEBI:15193,tartrate(2-)
CHEBI:17939,puromycin
CHEBI:5686,heterocyclic compound
CHEBI:36688,heterotricyclic compound
CHEBI:16811,methionine
CHEBI:30616,atp(4-)
CHEBI:48705,agonist
CHEBI:33822,organic hydroxy compound
CHEBI:48578,radical scavenger
CHEBI:47923,tripeptide
CHEBI:132142,"1,4-naphthoquinones"
CHEBI:35910,2-oxo monocarboxylic acid
CHEBI:33515,transition element cation
CHEBI:49786,nickel(2+)
CHEBI:36963,organooxygen compound
CHEBI:25105,macrolide antibiotic
CHEBI:26643,aldehydic acid
CHEBI:33706,beta-amino acid
CHEBI:59836,oxo fatty acid anion
CHEBI:26399,purine ribonucleoside
CHEBI:78840,olefinic compound
CHEBI:48378,carboximidic acid
CHEBI:87211,fluoroquinolone antibiotic
CHEBI:38445,chromenone
CHEBI:23116,chlorine atom
CHEBI:37749,halogen oxide
CHEBI:24836,inorganic oxide
CHEBI:33673,zinc group molecular entity
CHEBI:18391,d-gluconate
CHEBI:131879,cholanic acid conjugate anion
CHEBI:46845,n-alkylpiperazine
CHEBI:33871,glycerate
CHEBI:29103,potassium(1+)
CHEBI:58007,streptomycin(3+)
CHEBI:32660,asparaginate
CHEBI:16976,hygromycin b
CHEBI:27504,mitomycin c
CHEBI:58359,l-glutamine zwitterion
CHEBI:33300,pnictogen
CHEBI:36271,hydrogentungstate
CHEBI:36823,pseudohalo group
CHEBI:27659,2-oxo aldehyde
CHEBI:75495,ec 6.1.1.11 (serine--trna ligase) inhibitor
CHEBI:32696,argininium(1+)
CHEBI:48828,cobalt(2+)
CHEBI:17230,homocysteine
CHEBI:30772,butyric acid
CHEBI:35604,carbon oxoanion
CHEBI:38290,l-ascorbate
CHEBI:84735,algal metabolite
CHEBI:27405,streptidine
CHEBI:29222,hypochlorite
CHEBI:29101,sodium(1+)
CHEBI:16498,n-acylneuraminic acid
CHEBI:38702,inorganic sodium salt
CHEBI:26446,pyrimidine ribonucleotide
CHEBI:65023,anti-asthmatic agent
CHEBI:59772,hemiketal
CHEBI:25213,metal cation
CHEBI:64641,divalent inorganic cation
CHEBI:35570,mancude organic heterobicyclic parent
CHEBI:57305,glycine zwitterion
CHEBI:29075,mononucleotide
CHEBI:66993,tocolytic agent
CHEBI:63340,deoxyhexose derivative
CHEBI:17822,serine
CHEBI:58429,"alpha,alpha-trehalose 6-phosphate(2-)"
CHEBI:35556,pyrrole
CHEBI:33461,phosphorus oxoanion
CHEBI:49601,fe2s2 iron-sulfur cluster
CHEBI:22918,branched-chain amino acid
CHEBI:38623,ec 1.4.3.4 (monoamine oxidase) inhibitor
CHEBI:28802,flavonols
CHEBI:28300,glutamine
CHEBI:15824,d-fructose
CHEBI:58093,homoserinium lactone
CHEBI:18385,thiamine(1+)
CHEBI:30512,silver atom
CHEBI:24669,hydroxy carboxylic acid
CHEBI:76710,ec 4.* (lyase) inhibitor
CHEBI:84135,l-serine derivative
CHEBI:22480,amino disaccharide
CHEBI:23521,cytidine 5'-phosphate
CHEBI:27242,uridines
CHEBI:35757,monocarboxylic acid anion
CHEBI:63534,monoamine
CHEBI:35186,terpene
CHEBI:57925,glutathionate(1-)
CHEBI:18295,histamine
CHEBI:48854,sulfurous acid
CHEBI:26513,quinolines
CHEBI:42485,formyl group
CHEBI:8309,polymyxin b1
CHEBI:37334,diagnostic imaging agent
CHEBI:78116,fatty acid anion 6:0
CHEBI:16890,glycerol monophosphate
CHEBI:19239,2'-deoxyadenosine phosphate
CHEBI:10642,scyllo-inositol
CHEBI:44485,n-ethylmaleimide
CHEBI:63248,oxidising agent
CHEBI:57867,nucleoside 5'-phosphate dianion
CHEBI:34768,furfural
CHEBI:70977,"alkane-alpha,omega-diammonium(2+)"
CHEBI:32679,glutaminium
CHEBI:23378,copper cation
CHEBI:51863,azlocillin(1-)
CHEBI:23066,cephalosporin
CHEBI:26848,tannin
CHEBI:15734,primary alcohol
CHEBI:16335,adenosine
CHEBI:36572,cyanide salt
CHEBI:76713,ec 4.3.* (c-n lyase) inhibitor
CHEBI:26389,purine deoxyribonucleoside triphosphate
CHEBI:24868,organic salt
CHEBI:57599,n-acyl-d-glucosamine 6-phosphate(2-)
CHEBI:25806,oxygen molecular entity
CHEBI:64554,tryptophan zwitterion
CHEBI:18308,acrylic acid
CHEBI:37075,ribonucleoside 5'-diphosphate
CHEBI:37076,ribonucleoside 5'-triphosphate
CHEBI:63247,reducing agent
CHEBI:28963,amino sugar
CHEBI:24828,indoles
CHEBI:33760,hexonate
CHEBI:100147,nalidixic acid
CHEBI:30849,l-arabinose
CHEBI:58951,short-chain fatty acid anion
CHEBI:22221,acyl group
CHEBI:35780,phosphate ion
CHEBI:4883,ethidium bromide
CHEBI:83813,proteinogenic amino acid
CHEBI:25274,methylamines
CHEBI:35735,dicarboxylic acid monoamide
CHEBI:51270,tetracenes
CHEBI:59999,chemical substance
CHEBI:33302,pnictogen molecular entity
CHEBI:51650,diphosphanes
CHEBI:48359,protophilic solvent
CHEBI:36587,organic oxo compound
CHEBI:32432,l-alaninium
CHEBI:35294,carbopolycyclic compound
CHEBI:63353,disaccharide derivative
CHEBI:37217,titanium molecular entity
CHEBI:25108,magnesium molecular entity
CHEBI:32876,tertiary amine
CHEBI:35237,cysteine zwitterion
CHEBI:29369,peroxy group
CHEBI:48358,polar aprotic solvent
CHEBI:32833,threoninium
CHEBI:35222,inhibitor
CHEBI:17593,maltooligosaccharide
CHEBI:32234,titanium dioxide
CHEBI:26628,selenium molecular entity
CHEBI:33352,manganese group element atom
CHEBI:24960,ketoaldehyde
CHEBI:33579,main group molecular entity
CHEBI:35233,tungsten coordination entity
CHEBI:30452,tellurium atom
CHEBI:80291,aliphatic nitrile
CHEBI:77115,ec 2.1.1.122 [(s)-tetrahydroprotoberberine n-methyltransferase] inhibitor
CHEBI:51245,phenanthridines
CHEBI:35552,heterocyclic organic fundamental parent
CHEBI:75458,carbonyl cyanide p-trifluoromethoxyphenylhydrazone
CHEBI:50905,teratogenic agent
CHEBI:23906,monoatomic cation
CHEBI:37044,pyrimidine ribonucleoside 5'-triphosphate
CHEBI:76787,ec 3.4.11.* (aminopeptidase) inhibitor
CHEBI:37734,phosphoric ester
CHEBI:57834,spermidine(3+)
CHEBI:32877,primary amine
CHEBI:33661,monocyclic compound
CHEBI:24963,ketoaldonic acid
CHEBI:25384,monocarboxylic acid
CHEBI:15778,n-acyl-d-amino acid
CHEBI:17062,primary aliphatic amine
CHEBI:36876,inorganic radical anion
CHEBI:37404,elemental copper
CHEBI:32505,phenylalaninium
CHEBI:35581,indole
CHEBI:33842,aromatic annulene
CHEBI:17821,thymine
CHEBI:51373,gaba agonist
CHEBI:25508,neuraminic acids
CHEBI:33488,selenium oxoanion
CHEBI:5653,hemiacetal
CHEBI:16467,l-arginine
CHEBI:25106,macrolide
CHEBI:88061,polyamine
CHEBI:25567,nitrous acid
CHEBI:38867,anaesthetic
CHEBI:32872,prolinium
CHEBI:33424,sulfur oxoacid derivative
CHEBI:26082,phosphorus molecular entity
CHEBI:24271,glucosamines
CHEBI:75381,ec 1.11.1.* (peroxidases) inhibitor
CHEBI:62764,reactive nitrogen species
CHEBI:61560,2'-deoxyribonucleoside 5'-triphosphate(4-)
CHEBI:30776,hexanoic acid
CHEBI:35842,antirheumatic drug
CHEBI:36894,elemental bromine
CHEBI:15346,coenzyme a
CHEBI:36416,mancude organic heterotricyclic parent
CHEBI:36683,organochlorine compound
CHEBI:25094,lysine
CHEBI:91139,elastin-laminin receptor agonist
CHEBI:71315,n'-monoacetylchitobiose-6'-phosphate(1-)
CHEBI:29195,cyanate
CHEBI:30477,tellurite
CHEBI:59202,straight-chain fatty acid
CHEBI:37335,mri contrast agent
CHEBI:37955,h1-receptor antagonist
CHEBI:64365,aralkylamino compound
CHEBI:28044,phenylalanine
CHEBI:50733,nutraceutical
CHEBI:61355,3-hydroxy carboxylic acid
CHEBI:24835,inorganic molecular entity
CHEBI:35400,meso-tartrate(1-)
CHEBI:29347,monocarboxylic acid amide
CHEBI:33671,heteropolycyclic compound
CHEBI:51454,cyclopropanes
CHEBI:7596,nitroprusside
CHEBI:60251,guanidinium ion
CHEBI:32646,methioninium
CHEBI:35618,aromatic ether
CHEBI:45064,phosphite(3-)
CHEBI:22653,asparagine
CHEBI:38093,phenothiazines
CHEBI:136859,pro-agent
CHEBI:38976,alkylbenzene
CHEBI:23622,deoxygalactose
CHEBI:22860,amino-acid betaine
CHEBI:25223,methanesulfonate ester
CHEBI:22695,base
CHEBI:10545,electron
CHEBI:47916,flavonoid
CHEBI:30031,succinate(2-)
CHEBI:53000,epitope
CHEBI:22213,acridines
CHEBI:30740,ethylene glycol bis(2-aminoethyl)tetraacetic acid
CHEBI:24650,hydroxamic acid
CHEBI:26830,sulfonium compound
CHEBI:24837,inorganic peroxide
CHEBI:37416,ec 2.7.7.6 (rna polymerase) inhibitor
CHEBI:59724,ribonucleoside triphosphate oxoanion
CHEBI:33859,aromatic carboxylic acid
CHEBI:78870,sodium nitrite
CHEBI:25414,monoatomic monocation
CHEBI:35701,ester
CHEBI:51208,mecillinam
CHEBI:32704,l-tryptophanium
CHEBI:16670,peptide
CHEBI:24373,glycine derivative
CHEBI:35471,psychotropic drug
CHEBI:57390,phenylacetyl-coa(4-)
CHEBI:18186,tyrosine
CHEBI:48357,aprotic solvent
CHEBI:22633,arsenite ion
CHEBI:26706,sn-glycerol 3-phosphates
CHEBI:32846,serinium
CHEBI:75215,sodium molybdate (anhydrous)
CHEBI:77182,food colouring
CHEBI:23965,estradiol
CHEBI:35718,antifungal agent
CHEBI:49302,2-hydroxy monocarboxylic acid
CHEBI:30050,gold(0)
CHEBI:36421,phenanthridine
CHEBI:60090,7-hydroxyflavon-3-olate
CHEBI:17596,inosine
CHEBI:17992,sucrose
CHEBI:29287,gold atom
CHEBI:77318,pregnane x receptor agonist
CHEBI:36361,phosphorous acid
CHEBI:24663,hydroxy-5beta-cholanic acid
CHEBI:84087,human urinary metabolite
CHEBI:16094,thiosulfate(2-)
CHEBI:33830,galacturonic acid
CHEBI:29214,sulfonic acid
CHEBI:134363,tertiary amine oxide
CHEBI:61120,nucleobase-containing molecular entity
CHEBI:38222,hydrocarbyl anion
CHEBI:38297,thiabicycloalkane
CHEBI:29747,cholate
CHEBI:36358,polyatomic ion
CHEBI:22676,auxin
CHEBI:35223,catalyst
CHEBI:33893,reagent
CHEBI:88184,metal allergen
CHEBI:50263,2-hydroxydicarboxylic acid
CHEBI:20569,ec 2.5.1.19 (3-phosphoshikimate 1-carboxyvinyltransferase) inhibitor
CHEBI:28631,3-phenylpropionic acid
CHEBI:30763,4-hydroxybenzoic acid
CHEBI:30531,pimelic acid
CHEBI:36563,zinc group coordination entity
CHEBI:23336,cobalt cation
CHEBI:33457,phosphorus oxoacid
CHEBI:33485,chalcogen oxoanion
CHEBI:33455,nitrogen oxoacid
CHEBI:33903,glucuronates
CHEBI:27207,univalent carboacyl group
CHEBI:25195,mercury atom
CHEBI:30762,salicylate
CHEBI:36834,3-hydroxy steroid
CHEBI:19254,purine 2'-deoxyribonucleoside
CHEBI:42478,ethidium
CHEBI:28077,rifampicin
CHEBI:37096,adenosine 5'-phosphate
CHEBI:90318,ec 6.4.1.1 (pyruvate carboxylase) inhibitor
CHEBI:46997,l-ribose
CHEBI:48354,polar solvent
CHEBI:50316,bromonium
CHEBI:52206,biochemical role
CHEBI:82655,animal growth promotant
CHEBI:3110,biotinyl-5'-amp
CHEBI:26393,purine nucleoside triphosphate
CHEBI:16004,(r)-lactate
CHEBI:46850,organoammonium salt
CHEBI:35427,ortho-fused polycyclic hydrocarbon
CHEBI:133292,3-oxo fatty acid anion
CHEBI:22985,calcium molecular entity
CHEBI:35286,iminium ion
CHEBI:16449,alanine
CHEBI:35221,antimetabolite
CHEBI:33549,uronate
CHEBI:33862,platinum coordination entity
CHEBI:59683,antipruritic drug
CHEBI:29337,azanide
CHEBI:35610,antineoplastic agent
CHEBI:30938,6-aminopenicillanate
CHEBI:26188,polyketide
CHEBI:35801,nitroso group
CHEBI:83811,proteinogenic amino acid derivative
CHEBI:32456,cysteinate(1-)
CHEBI:65056,ec 3.1.3.11 (fructose-bisphosphatase) inhibitor
CHEBI:20854,atp synthase inhibitor
CHEBI:16526,carbon dioxide
CHEBI:21037,aldohexose phosphate
CHEBI:32836,l-serinate
CHEBI:33985,muramates
CHEBI:51384,d-ascorbic acid
CHEBI:33519,tellurium oxoacid
CHEBI:59780,cyclic hemiketal
CHEBI:24676,hydroxybenzoic acid
CHEBI:33350,chromium group element atom
CHEBI:24951,kanamycins
CHEBI:33256,primary amide
CHEBI:23924,enzyme inhibitor
CHEBI:15740,formate
CHEBI:51086,chemical role
CHEBI:36654,"2,3-dihydroxybenzoate"
CHEBI:76655,ec 2.1.* (c1-transferase) inhibitor
CHEBI:68495,apoptosis inducer
CHEBI:30780,maleate(2-)
CHEBI:35816,leprostatic drug
CHEBI:38337,pyrimidone
CHEBI:22984,calcium atom
CHEBI:26282,propanals
CHEBI:37156,maleate(1-)
CHEBI:422,(s)-lactic acid
CHEBI:62081,"1,1-diunsubstituted alkanesulfonate"
CHEBI:16454,pantothenate
CHEBI:18282,nucleobase
CHEBI:35875,imidazopyrimidine
CHEBI:36828,pseudohalide anion
CHEBI:61073,oxygen radical
CHEBI:63350,deoxyketohexose derivative
CHEBI:17234,glucose
CHEBI:48775,cadmium(2+)
CHEBI:29192,hydrogenperoxide(1-)
CHEBI:33748,nickel molecular entity
CHEBI:35881,pnictogen hydride
CHEBI:21663,n-acylneuraminates
CHEBI:37929,xanthene dye
CHEBI:37956,histamine antagonist
CHEBI:25375,monoamine molecular messenger
CHEBI:51069,organic halide salt
CHEBI:18050,l-glutamine
CHEBI:30297,antimonite
CHEBI:28159,d-asparagine
CHEBI:76815,ec 2.7.7.* (nucleotidyltransferase) inhibitor
CHEBI:50007,antimony coordination entity
CHEBI:16080,gamma-amino-beta-hydroxybutyric acid
CHEBI:76042,aromatic amino-acid zwitterion
CHEBI:71317,n'-monoacetylchitobiose-6'-phosphate
CHEBI:23888,drug
CHEBI:18107,xanthosine
CHEBI:30087,guanidinium
CHEBI:57865,uridine 5'-monophosphate(2-)
CHEBI:50857,anti-allergic agent
CHEBI:33249,organyl group
CHEBI:51447,organic univalent group
CHEBI:23628,deoxyhexose
CHEBI:24867,monoatomic ion
CHEBI:75772,saccharomyces cerevisiae metabolite
CHEBI:32665,l-glutaminate
CHEBI:131367,3-hydroxy-3-butenoic acid
CHEBI:24848,inositol
CHEBI:35115,elemental manganese
CHEBI:63043,potassium nitrate
CHEBI:33635,polycyclic compound
CHEBI:22297,alditol phosphate
CHEBI:38303,azirinopyrroloindole
CHEBI:24531,heterocyclic antibiotic
CHEBI:32631,l-methioninate
CHEBI:50441,n-substituted diamine
CHEBI:83925,non-proteinogenic alpha-amino acid
CHEBI:132157,"hydroxy-1,4-naphthoquinone"
CHEBI:16042,halide anion
CHEBI:16236,ethanol
CHEBI:36921,antimony oxoanion
CHEBI:33672,heterobicyclic compound
CHEBI:26523,reactive oxygen species
CHEBI:4431,deoxyribonucleotide
CHEBI:35410,primary diamine
CHEBI:39206,dibenzopyridine
CHEBI:49637,hydrogen atom
CHEBI:21656,n-acyl-hexosamine
CHEBI:28800,n-acetylgalactosamine
CHEBI:24782,imide
CHEBI:23953,erythromycins
CHEBI:35662,terpenoid fundamental parent
CHEBI:47000,l-ribofuranose
CHEBI:24965,deoxyketohexose
CHEBI:76414,propellant
CHEBI:132951,maleate
CHEBI:26806,succinate
CHEBI:84700,desferrioxamine b(3-)
CHEBI:26667,sialic acid
CHEBI:61079,ribonucleoside bisphosphate
CHEBI:88186,metal cation allergen
CHEBI:33522,hydrogentellurite
CHEBI:24844,inosines
CHEBI:23003,carbamate ester
CHEBI:134084,ec 1.15.1.1 (superoxide dismutase) inhibitor
CHEBI:23524,cytidines
CHEBI:36093,inorganic chloride
CHEBI:133773,pimelate
CHEBI:53468,salicylanilides
CHEBI:35398,l-tartrate(1-)
CHEBI:35716,c-nitro compound
CHEBI:133331,metal oxide
CHEBI:21637,n-acyl-d-glucosamine phosphate
CHEBI:35441,antiinfective agent
CHEBI:16180,n-acylglycine
CHEBI:70709,progesterone receptor agonist
CHEBI:38295,azabicycloalkane
CHEBI:63470,sulfur-containing amino-acid anion
CHEBI:35195,surfactant
CHEBI:59779,cyclic ketal
CHEBI:50339,4-aminobutyl group
CHEBI:46629,oxo group
CHEBI:35456,cadmium dichloride
CHEBI:72588,semisynthetic derivative
CHEBI:17393,d-allose
CHEBI:72797,kanamycin x
CHEBI:24318,glutamine family amino acid
CHEBI:78115,fatty acid anion 4:0
CHEBI:16375,d-cysteine
CHEBI:33384,l-serine zwitterion
CHEBI:28053,melibiose
CHEBI:76773,ec 3.1.1.* (carboxylic ester hydrolase) inhibitor
CHEBI:38070,anti-arrhythmia drug
CHEBI:38338,aminopyrimidine
CHEBI:26404,puromycins
CHEBI:33284,nutrient
CHEBI:78320,2-hydroxypropanoic acid
CHEBI:33659,organic aromatic compound
CHEBI:33958,halide salt
CHEBI:36165,pimelate(2-)
CHEBI:73079,kanamycin d
CHEBI:137980,metalloid atom
CHEBI:36920,antimony oxoacid
CHEBI:55370,imidazolidinone
CHEBI:16695,uridine 5'-monophosphate
CHEBI:33666,polycyclic hydrocarbon
CHEBI:71666,gamma-amino acid anion
CHEBI:35392,glucarate(1-)
CHEBI:53443,salicylamides
CHEBI:62803,fuel additive
CHEBI:58214,kanamycin a(4+)
CHEBI:37806,penicillanic acid
CHEBI:28185,kanamycin c
CHEBI:28681,"n,n'-diacetylchitobiose"
CHEBI:23443,cyclic amide
CHEBI:26020,phosphate
CHEBI:18375,"nucleoside 3',5'-cyclic phosphate"
CHEBI:76807,ec 3.5.1.* (non-peptide linear amide c-n hydrolase) inhibitor
CHEBI:51214,diamminedichloroplatinum
CHEBI:36270,tungsten oxoanion
CHEBI:37827,thiosulfuric acid derivative
CHEBI:64708,one-carbon compound
CHEBI:38304,diazolidine
CHEBI:17076,streptomycin
CHEBI:25355,mitochondrial respiratory-chain inhibitor
CHEBI:33856,aromatic amino acid
CHEBI:23671,"2,6-diaminopimelate(2-)"
CHEBI:39457,pyrimidine ribonucleoside 5'-monophosphate
CHEBI:48001,protein synthesis inhibitor
CHEBI:33232,application
CHEBI:26607,saturated fatty acid
CHEBI:37527,acid
CHEBI:63563,oligosaccharide derivative
CHEBI:37042,purine 2'-deoxyribonucleoside 5'-triphosphate
CHEBI:326268,"1,4-butanediammonium"
CHEBI:58389,trimethylammonium
CHEBI:16705,6-aminopenicillanic acid
CHEBI:26155,plant growth regulator
CHEBI:76711,ec 4.1.* (c-c lyase) inhibitor
CHEBI:33543,sulfonate
CHEBI:24533,heterodetic cyclic peptide
CHEBI:33853,phenols
CHEBI:35481,non-narcotic analgesic
CHEBI:33637,ortho-fused compound
CHEBI:15904,long-chain fatty acid
CHEBI:63944,macrocyclic lactone
CHEBI:24407,glycosyl glycoside
CHEBI:25562,nitrophenol
CHEBI:37185,lead coordination entity
CHEBI:132362,citrate(4-)
CHEBI:24973,ketohexose
CHEBI:29320,calcium(0)
CHEBI:33554,organosulfonate oxoanion
CHEBI:76706,ec 6.1.* (c-o bond-forming ligase) inhibitor
CHEBI:51256,amoxicillin(1-)
CHEBI:74213,ec 1.17.4.1 (ribonucleoside-diphosphate reductase) inhibitor
CHEBI:8273,plumbagin
CHEBI:58199,l-homocysteine zwitterion
CHEBI:35674,antihypertensive agent
CHEBI:23232,chromenes
CHEBI:30796,(r)-malic acid
CHEBI:51269,acenes
CHEBI:76663,ec 2.5.1.* (non-methyl-alkyl or aryl transferase) inhibitor
CHEBI:37563,ctp(4-)
CHEBI:67040,s-adenosyl-l-methioninate
CHEBI:57670,n-acylglycinate
CHEBI:16301,nitrite
CHEBI:18401,phenylacetate
CHEBI:17148,putrescine
CHEBI:18133,hexose
CHEBI:33752,hexonic acid
CHEBI:50906,role
CHEBI:37581,gamma-lactone
CHEBI:35293,fused compound
CHEBI:61662,2'-deoxyribonucleoside triphosphate oxoanion
CHEBI:23955,erythronolide
CHEBI:61015,nephrotoxin
CHEBI:35617,flavouring agent
CHEBI:18300,maleic acid
CHEBI:14314,d-glucose 6-phosphate
CHEBI:32837,l-serinium
CHEBI:17514,cyanide
CHEBI:25810,oxopurine
CHEBI:33804,gluconates
CHEBI:51144,nitrogen group
CHEBI:25865,penicillanic acids
CHEBI:33426,chlorine oxoacid
CHEBI:37022,amino-acid anion
CHEBI:35526,hypoglycemic agent
CHEBI:83821,amino acid derivative
CHEBI:32563,lysinate
CHEBI:24586,hexosamine
CHEBI:76946,fungal metabolite
CHEBI:37143,organofluorine compound
CHEBI:30911,glucitol
CHEBI:63473,aromatic amino-acid anion
CHEBI:327995,tyraminium
CHEBI:32673,d-glutaminium
CHEBI:15344,acetoacetic acid
CHEBI:16856,glutathione
CHEBI:21638,n-acylglucosamine
CHEBI:22925,bromide salt
CHEBI:50525,phenolate anion
CHEBI:79388,divalent inorganic anion
CHEBI:38418,"1,3-thiazoles"
CHEBI:53258,sodium citrate
CHEBI:25350,mevalonate
CHEBI:26849,tartaric acid
CHEBI:24433,group
CHEBI:62946,ammonium sulfate
CHEBI:37206,hexol
CHEBI:60895,d-alpha-amino acid anion
CHEBI:33575,carboxylic acid
CHEBI:15760,tyramine
CHEBI:35391,aspartate(1-)
CHEBI:20706,6-aminopurines
CHEBI:76760,ec 3.1.* (ester hydrolase) inhibitor
CHEBI:63367,monosaccharide derivative
CHEBI:73181,ec 1.11.1.11 (l-ascorbate peroxidase) inhibitor
CHEBI:38468,indol-3-yl carboxylic acid anion
CHEBI:33848,polycyclic arene
CHEBI:48154,sulfur oxide
CHEBI:34887,nickel dichloride
CHEBI:65057,adenosine a1 receptor agonist
CHEBI:25115,malate
CHEBI:43474,hydrogenphosphate
CHEBI:57926,l-threonine zwitterion
CHEBI:18026,"2,3-dihydroxybenzoic acid"
CHEBI:87228,sulfonamide antibiotic
CHEBI:17716,lactose
CHEBI:46687,diazaalkane
CHEBI:77315,spectinomycin(2+)
CHEBI:46952,oxazinane
CHEBI:33598,carbocyclic compound
CHEBI:32450,d-cysteinate(2-)
CHEBI:33282,antibacterial agent
CHEBI:65296,primary ammonium ion
CHEBI:25830,p-quinones
CHEBI:33576,sulfur-containing carboxylic acid
CHEBI:18222,xylose
CHEBI:35418,n-acetylneuraminate
CHEBI:35789,oxo steroid
CHEBI:48871,galactaric acid anion
CHEBI:33749,platinum molecular entity
CHEBI:16947,citrate(3-)
CHEBI:25214,metal-sulfur cluster
CHEBI:33288,rodenticide
CHEBI:26986,threonine
CHEBI:33984,fucose
CHEBI:24833,oxoacid
CHEBI:30408,iron-sulfur cluster
CHEBI:33252,atomic nucleus
CHEBI:24870,ion
CHEBI:17196,l-asparagine
CHEBI:32727,tryptophanate
CHEBI:73267,oxidative phosphorylation inhibitor
CHEBI:35589,9h-purine
CHEBI:17522,alditol
CHEBI:33559,s-block element atom
CHEBI:35753,tricarboxylic acid anion
CHEBI:17687,glycocholic acid
CHEBI:33257,secondary amide
CHEBI:36359,phosphorus oxoacid derivative
CHEBI:50177,dermatologic drug
CHEBI:59793,monothioacetal
CHEBI:25107,magnesium atom
CHEBI:38264,2-amino-3-methylpentanoic acid
CHEBI:84561,"2,4-dinitrophenol(1-)"
CHEBI:26195,polyphenol
CHEBI:50112,sex hormone
CHEBI:75768,mammalian metabolite
CHEBI:32457,cysteinate(2-)
CHEBI:85184,dihydroxycholanic acid
CHEBI:60038,flavonoid oxoanion
CHEBI:32436,d-alaninium
CHEBI:35703,xenobiotic
CHEBI:27082,trehalose
CHEBI:24675,hydroxybenzoate
CHEBI:49537,c-di-gmp
CHEBI:29919,hydrosulfide
CHEBI:134107,chir-090
CHEBI:32644,methioninate
CHEBI:33808,galacturonic acids
CHEBI:32632,l-methioninium
CHEBI:22063,sulfoxide
CHEBI:32832,threoninate
CHEBI:59163,biomarker
CHEBI:21575,n-acetyl-amino acid
CHEBI:33566,catechols
CHEBI:39352,dinitrophenol
CHEBI:75769,b vitamin
CHEBI:35405,transition element oxoanion
CHEBI:76764,ec 3.5.* (hydrolases acting on non-peptide c-n bonds) inhibitor
CHEBI:28976,carbonic acid
CHEBI:17790,methanol
CHEBI:76891,ec 3.4.11.14 (cytosol alanyl aminopeptidase) inhibitor
CHEBI:48107,nitric acid
CHEBI:35284,ammonium betaine
CHEBI:76861,"ec 1.4.3.* (oxidoreductase acting on donor ch-nh2 group, oxygen as acceptor) inhibitor"
CHEBI:49323,contraceptive drug
CHEBI:24698,hydroxyflavone
CHEBI:37826,sulfuric acid derivative
CHEBI:21241,vitamin c
CHEBI:3098,bile acid
CHEBI:21008,glucose phosphate
CHEBI:51374,gaba agent
CHEBI:33747,nickel group molecular entity
CHEBI:47868,photosensitizing agent
CHEBI:57600,gtp(3-)
CHEBI:32651,l-asparaginium
CHEBI:30356,isobutyl group
CHEBI:33917,aldohexose
CHEBI:26546,rhamnose
CHEBI:30769,citric acid
CHEBI:24874,iron ionophore
CHEBI:17996,chloride
CHEBI:36919,antimony molecular entity
CHEBI:35715,nitro compound
CHEBI:134416,3-oxo fatty acid
CHEBI:86324,quinolone antibiotic
CHEBI:33582,carbon group molecular entity
CHEBI:38161,chelator
CHEBI:25901,pentose
CHEBI:88217,"n,n,n',n'-tetrakis(2-pyridylmethyl)ethylenediamine"
CHEBI:16062,n-acyl-d-mannosamine
CHEBI:42111,(r)-lactic acid
CHEBI:29785,nitro group
CHEBI:59876,n-acyl-d-alpha-amino acid anion
CHEBI:57288,acetyl-coa(4-)
CHEBI:35871,oxo monocarboxylic acid
CHEBI:71944,aldehydic acid anion
CHEBI:33364,platinum
CHEBI:26835,sulfur molecular entity
CHEBI:36916,cation
CHEBI:35856,lipoxygenase inhibitor
CHEBI:38773,quinolinemonocarboxylate
CHEBI:134249,alkanesulfonate oxoanion
CHEBI:35458,cerium trichloride
CHEBI:30089,acetate
CHEBI:73336,vulnerary
CHEBI:22652,ascorbic acid
CHEBI:47965,n-acetylmuramic acid
CHEBI:24432,biological role
CHEBI:74337,d-asparagine zwitterion
CHEBI:36299,tricarboxylic acid monoanion
CHEBI:28112,nickel atom
CHEBI:22494,aminobenzoate
CHEBI:76932,pathway inhibitor
CHEBI:15741,succinic acid
CHEBI:78113,fatty acid anion 3:0
CHEBI:61993,maltotriose
CHEBI:38166,organic heteropolycyclic compound
CHEBI:76775,ec 3.1.3.* (phosphoric monoester hydrolase) inhibitor
CHEBI:22195,acetyl-amino acid
CHEBI:55474,n-acyl-l-homoserine lactone
CHEBI:26561,ribonucleotide
CHEBI:32600,tetracene
CHEBI:75494,serine hydroxamate
CHEBI:35107,azane
CHEBI:21336,l-idonic acid
CHEBI:36263,hydrogenmolybdate
CHEBI:28659,phosphorus atom
CHEBI:24853,intercalator
CHEBI:32683,l-argininium(2+)
CHEBI:15673,meso-tartaric acid
CHEBI:33675,p-block molecular entity
CHEBI:36141,quinone
CHEBI:36871,inorganic radical
CHEBI:29360,methanediide
CHEBI:25381,monoalkyl phosphate
CHEBI:35196,nitrogen oxide
CHEBI:23636,deoxyribonucleoside
CHEBI:33823,enol
CHEBI:50846,immunomodulator
CHEBI:26167,polar amino acid
CHEBI:36078,cholanoid
CHEBI:76725,ec 1.* (oxidoreductase) inhibitor
CHEBI:21545,n-acetyl-l-amino acid
CHEBI:23778,dihydroxybenzoic acid
CHEBI:26650,serine family amino acid
CHEBI:32451,d-cysteinium
CHEBI:37690,allose
CHEBI:33259,elemental molecular entity
CHEBI:30852,galactaric acid
CHEBI:74711,"3,6-diaminoacridine(1+)"
CHEBI:19834,"3',5'-cyclic purine nucleotide"
CHEBI:39142,bronsted base
CHEBI:57757,d-threonine zwitterion
CHEBI:76738,ec 1.11.* (oxidoreductase acting on peroxide as donors) inhibitor
CHEBI:23666,diamine
CHEBI:65259,gaba antagonist
CHEBI:60173,purine deoxyribonucleoside
CHEBI:59740,nucleophilic reagent
CHEBI:26078,phosphoric acid
CHEBI:35508,steroid fundamental parent
CHEBI:36267,molybdenum oxoacid
CHEBI:77962,food antioxidant
CHEBI:25608,nucleoside phosphate
CHEBI:76841,"ec 1.14.13.* (oxidoreductase acting on paired donors, incorporating 1 atom of oxygen, with nadh or nadph as one donor) inhibitor"
CHEBI:28837,octanoic acid
CHEBI:36273,sodium glycocholate
CHEBI:32952,amine
CHEBI:113455,sodium benzoate
CHEBI:51958,organic polycyclic compound
CHEBI:36841,11-hydroxy steroid
CHEBI:26626,selenites
CHEBI:35359,carboxamidine
CHEBI:8452,"3,6-diaminoacridine"
CHEBI:77703,ec 4.3.1.3 (histidine ammonia-lyase) inhibitor
CHEBI:33482,sulfur oxoanion
CHEBI:60258,ec 3.4.* (hydrolases acting on peptide bond) inhibitor
CHEBI:46920,n-methylpiperazine
CHEBI:86359,l-gluconic acid
CHEBI:32682,l-argininium(1+)
CHEBI:30854,indole-3-acetate
CHEBI:33886,glucuronic acids
CHEBI:28694,copper atom
CHEBI:25940,peroxides
CHEBI:53670,cefotaxime(1-)
CHEBI:61557,nucleoside 5'-triphoshate(4-)
CHEBI:77020,ec 1.10.99.2 [ribosyldihydronicotinamide dehydrogenase (quinone)] inhibitor
CHEBI:16646,carbohydrate
CHEBI:36685,chlorocarboxylic acid
CHEBI:616459,carbamimidoylazanium
CHEBI:33719,alpha-amino-acid cation
CHEBI:17315,d-glucosamine
CHEBI:16537,galactarate(2-)
CHEBI:29073,l-ascorbic acid
CHEBI:33595,cyclic compound
CHEBI:62868,hepatoprotective agent
CHEBI:32688,d-argininate
CHEBI:36059,hydroxy monocarboxylic acid anion
CHEBI:15366,acetic acid
CHEBI:33664,monocyclic hydrocarbon
CHEBI:57287,coenzyme a(4-)
CHEBI:30879,alcohol
CHEBI:36902,chalcogen hydride
CHEBI:39317,growth regulator
CHEBI:33287,fertilizer
CHEBI:24175,galacturonate
CHEBI:25941,peroxynitrite
CHEBI:37699,protein kinase inhibitor
CHEBI:38532,hydrazone
CHEBI:51121,fluorescent dye
CHEBI:23019,carbonyl group
CHEBI:48369,organic bromide salt
CHEBI:37838,carboacyl group
CHEBI:37684,mannose
CHEBI:24400,glycoside
CHEBI:59554,medium-chain fatty acid
CHEBI:36248,5beta-cholanic acids
CHEBI:18274,2'-deoxyribonucleoside
CHEBI:35568,mancude ring
CHEBI:88188,drug allergen
CHEBI:33238,monoatomic entity
CHEBI:33366,copper group element atom
CHEBI:38835,xanthenes
CHEBI:33340,zinc group element atom
CHEBI:35235,l-cysteine zwitterion
CHEBI:15422,atp
CHEBI:60255,puromycin(1+)
CHEBI:26392,purine nucleoside monophosphate
CHEBI:63070,beta-alaninate
CHEBI:37045,purine ribonucleoside 5'-triphosphate
CHEBI:136849,3-oxo-delta(4)-steroid group
CHEBI:33743,manganese group molecular entity
CHEBI:131927,dicarboxylic acids and o-substituted derivatives
CHEBI:17561,l-cysteine
CHEBI:26987,threonine derivative
CHEBI:7934,paromomycin
CHEBI:24621,hormone
CHEBI:74324,l-glyceric acid
CHEBI:32650,l-asparaginate
CHEBI:48923,erythromycin
CHEBI:63551,carbohydrate acid derivative anion
CHEBI:33838,nucleoside
CHEBI:63423,alditol derivative
CHEBI:72695,organic molecule
CHEBI:18254,ribonucleoside
CHEBI:36829,polyatomic monoanion
CHEBI:30924,l-tartrate(2-)
CHEBI:33970,elemental gold
CHEBI:78608,alpha-amino acid zwitterion
CHEBI:33677,f-block molecular entity
CHEBI:46883,carboxy group
CHEBI:26979,organic heterotricyclic compound
CHEBI:50341,1-hydroxyethyl group
CHEBI:36624,naphthyridine
CHEBI:25805,oxygen atom
CHEBI:36838,17-hydroxy steroid
CHEBI:23367,molecular entity
CHEBI:38500,ec 1.9.3.1 (cytochrome c oxidase) inhibitor
CHEBI:47704,ammonium salt
CHEBI:16651,(s)-lactate
CHEBI:50315,chloronium
CHEBI:76668,ec 2.7.* (p-containing group transferase) inhibitor
CHEBI:79387,trivalent inorganic anion
CHEBI:37261,cerium molecular entity
CHEBI:26712,sodium molecular entity
CHEBI:16523,d-serine
CHEBI:26271,proline
CHEBI:57912,l-tryptophan zwitterion
CHEBI:23014,carbon oxide
CHEBI:76967,human xenobiotic metabolite
CHEBI:35219,plant growth retardant
CHEBI:63561,ketoaldonate derivative
CHEBI:30363,isobutane
CHEBI:35399,d-tartrate(1-)
CHEBI:32672,d-glutaminate
CHEBI:17562,cytidine
CHEBI:22977,cadmium atom
CHEBI:37577,heteroatomic molecular entity
CHEBI:33708,amino-acid residue
CHEBI:27594,carbon atom
CHEBI:17306,maltose
CHEBI:36347,nuclear particle
CHEBI:62965,sodium formate
CHEBI:27897,tryptophan
CHEBI:22586,antioxidant
CHEBI:39745,dihydrogenphosphate
CHEBI:76956,aspergillus metabolite
CHEBI:33240,coordination entity
CHEBI:36709,aminoquinoline
CHEBI:50453,desferrioxamine
CHEBI:16898,pyrimidine
CHEBI:58032,anhydrotetracycline zwitterion
CHEBI:46847,n-iminopiperazine
CHEBI:74783,astringent
CHEBI:17650,cortisol
CHEBI:27612,hydantoin
CHEBI:48544,methanesulfonates
CHEBI:64600,c21-steroid hormone
CHEBI:25605,nucleoside antibiotic
CHEBI:50454,acyclic desferrioxamine
CHEBI:25900,aldopentose phosphate
CHEBI:76874,"ec 2.1.2.* (hydroxymethyl-, formyl- and related transferases) inhibitor"
CHEBI:23673,"2,6-diaminopimelic acid"
CHEBI:17617,l-fuculose
CHEBI:25166,mannosamine
CHEBI:22260,adenosines
CHEBI:87518,adp(2-)
CHEBI:35820,antiprotozoal drug
CHEBI:26218,potassium salt
CHEBI:35472,anti-inflammatory drug
CHEBI:27365,zinc ion
CHEBI:25942,peroxynitrous acid
CHEBI:36255,bile acid glycine conjugate
CHEBI:57990,2-dehydro-3-deoxy-d-gluconate
CHEBI:23414,copper(ii) sulfate
CHEBI:16016,dihydroxyacetone
CHEBI:35236,d-cysteine zwitterion
CHEBI:75771,mouse metabolite
CHEBI:26873,terpenoid
CHEBI:76694,ec 5.3.* (intramolecular oxidoreductase) inhibitor
CHEBI:16905,"keto-d-fructose 1,6-bisphosphate"
CHEBI:11955,4-amino-3-hydroxybutanoate
CHEBI:28368,novobiocin
CHEBI:33847,monocyclic arene
CHEBI:26977,thiosulfate
CHEBI:51446,organic divalent group
CHEBI:44976,phosphonic acid
CHEBI:51082,nitrate salt
CHEBI:33484,chalcogen oxoacid
CHEBI:39474,polyazaalkane
CHEBI:63385,hexose derivative
CHEBI:26440,pyrimidine nucleoside
CHEBI:16136,hydrogen sulfide
CHEBI:38717,carboxylic acid trianion
CHEBI:87818,sodium glycochenodeoxycholate
CHEBI:35742,tetracarboxylic acid
CHEBI:30612,d-glucarate(2-)
CHEBI:76742,ec 1.15.* (oxidoreductase acting on superoxide as acceptor) inhibitor
CHEBI:48136,xanthosines
CHEBI:32702,l-tryptophanate
CHEBI:17883,hydrogen chloride
CHEBI:36915,inorganic cation
CHEBI:17972,ribonucleoside triphosphate
CHEBI:16150,benzoate
CHEBI:33321,rare earth metal atom
CHEBI:27232,uridine 5'-phosphate
CHEBI:58340,o-acetyl-l-serine zwitterion
CHEBI:50630,cyclooxygenase 1 inhibitor
CHEBI:60809,adjuvant
CHEBI:28328,d-galactosamine
CHEBI:24866,salt
CHEBI:35717,sedative
CHEBI:33408,pnictogen oxoacid
CHEBI:59814,l-alpha-amino acid anion
CHEBI:24297,glucuronate
CHEBI:2634,amidine
CHEBI:64577,flour treatment agent
CHEBI:51060,hormone agonist
CHEBI:37808,butane
CHEBI:35113,elemental mercury
CHEBI:35879,phosphorus hydride
CHEBI:17754,glycerol
CHEBI:16643,l-methionine
CHEBI:46645,isobutanol
CHEBI:63063,cadmium cation
CHEBI:22331,alkylamines
CHEBI:37565,gtp(4-)
CHEBI:35117,manganese coordination entity
CHEBI:23639,deoxy sugar
CHEBI:36962,organochalcogen compound
CHEBI:86385,ec 5.3.3.5 (cholestenol delta-isomerase) inhibitor
CHEBI:15996,gtp
CHEBI:33229,vitamin (role)
CHEBI:37262,cerium coordination entity
CHEBI:37247,elemental potassium
CHEBI:64571,nmda receptor agonist
CHEBI:35557,3h-pyrrole
CHEBI:38037,methanesulfonate salt
CHEBI:35267,quaternary ammonium ion
CHEBI:24298,glucuronic acid
CHEBI:49201,anti-ulcer drug
CHEBI:35295,homopolycyclic compound
CHEBI:18212,selenite(2-)
CHEBI:24712,hydroxymethyl group
CHEBI:76969,bacterial metabolite
CHEBI:50689,reproductive control drug
CHEBI:39011,good's buffer substance
CHEBI:38180,polycyclic heteroarene
CHEBI:36856,hydrogen isocyanide
CHEBI:35155,elemental calcium
CHEBI:83169,n-acyl homoserine lactone
CHEBI:61296,adenyl ribonucleotide
CHEBI:24780,imidazoles
CHEBI:7203,n-acetylhexosamine
CHEBI:57846,l-fuculose 1-phosphate(2-)
CHEBI:35243,serine zwitterion
CHEBI:38163,organic heterotetracyclic compound
CHEBI:25016,lead atom
CHEBI:33744,iron group molecular entity
CHEBI:41402,carboxymethyl group
CHEBI:28997,2'-deoxyinosine
CHEBI:22723,benzoic acids
CHEBI:17368,hypoxanthine
CHEBI:78298,environmental contaminant
CHEBI:24532,organic heterocyclic compound
CHEBI:24651,hydroxides
CHEBI:90710,receptor modulator
CHEBI:17158,methylglyoxal
CHEBI:32728,tryptophanium
CHEBI:24584,hexosamine phosphate
CHEBI:24112,fructuronate
CHEBI:50336,4-hydroxybenzyl group
CHEBI:26519,radical
CHEBI:25728,osmolyte
CHEBI:17833,gentamycin
CHEBI:83820,non-proteinogenic amino acid
CHEBI:50312,onium compound
CHEBI:37912,hydroxycoumarin
CHEBI:24873,iron molecular entity
CHEBI:35559,furan
CHEBI:24156,galactosamine
CHEBI:24576,hexaric acid anion
CHEBI:24062,fluorine molecular entity
CHEBI:22529,amino sugar phosphate
CHEBI:16701,nucleoside 5'-phosphate
CHEBI:18407,hydrogen cyanide
CHEBI:38311,cephem
CHEBI:32841,d-serinium
CHEBI:24753,hygromycin
CHEBI:33585,lead molecular entity
CHEBI:47537,l-glucaric acid
CHEBI:100246,norfloxacin
CHEBI:50803,nanoparticle
CHEBI:26191,polyol
CHEBI:35356,dicarboximide
CHEBI:33405,hydracid
CHEBI:71989,ortho ester
CHEBI:36961,chalcocarbonic acid
CHEBI:66987,radiation protective agent
CHEBI:18367,phosphate(3-)
CHEBI:64018,protein kinase c agonist
CHEBI:76906,ec 4.1.1.* (carboxy-lyase) inhibitor
CHEBI:32445,l-cysteinium
CHEBI:35902,oxo monocarboxylic acid anion
CHEBI:33508,glyceric acid
CHEBI:26079,phosphoric acid derivative
CHEBI:36343,composite particle
CHEBI:26710,sodium chloride
CHEBI:16891,glyoxylic acid
CHEBI:37750,chlorine oxide
CHEBI:33245,organic fundamental parent
CHEBI:26432,pyrimidine nucleobase
CHEBI:24347,glycerates
CHEBI:19569,2-deoxyribose phosphate
CHEBI:29259,hydrogenphosphite
CHEBI:33693,oxygen hydride
CHEBI:35175,sulfate salt
CHEBI:33365,platinum group metal atom
CHEBI:26895,tetracyclines
CHEBI:33738,di-mu-sulfido-diiron(1+)
CHEBI:32820,l-threoninate
CHEBI:133673,glyphosate(1-)
CHEBI:22251,adenosine bisphosphate
CHEBI:32508,glycinate
CHEBI:33892,iron coordination entity
CHEBI:86328,antifungal agrochemical
CHEBI:26764,steroid hormone
CHEBI:32638,d-methioninium
CHEBI:22632,arsenic molecular entity
CHEBI:76870,"ec 1.9.3.* (oxidoreductase acting on donor heme group, oxygen as acceptor) inhibitor"
CHEBI:30488,sulfonium
CHEBI:102484,sulfisoxazole
CHEBI:35693,dicarboxylic acid anion
CHEBI:24527,herbicide
CHEBI:35469,antidepressant
CHEBI:37622,carboxamide
CHEBI:48873,cholinergic antagonist
CHEBI:35573,organic mancude parent
CHEBI:36180,butenedioate
CHEBI:73693,ketone body
CHEBI:26512,quinolinemonocarboxylic acid
CHEBI:16072,maleimide
CHEBI:16183,methane
CHEBI:33662,annulene
CHEBI:77450,dicarboxylic acid monoamide(1-)
CHEBI:76243,ferrous ammonium sulfate (anhydrous)
CHEBI:33262,elemental oxygen
CHEBI:27869,chloroacetic acid
CHEBI:25430,monoatomic polycation
CHEBI:15858,bromide
CHEBI:38631,aminoalkylindole
CHEBI:17126,carnitine
CHEBI:23523,cytidine phosphate
CHEBI:61336,c4-dicarboxylate
CHEBI:100241,ciprofloxacin
CHEBI:25646,octanoate
CHEBI:76761,ec 3.2.* (glycosylase) inhibitor
CHEBI:4195,d-hexose 6-phosphate
CHEBI:61908,ec 1.14.13.39 (nitric oxide synthase) inhibitor
CHEBI:49870,antimonous acid
CHEBI:51689,enone
CHEBI:38751,triamine
CHEBI:29256,thiol
CHEBI:26421,pyridines
CHEBI:36655,glyoxylate
CHEBI:32666,l-glutaminium
CHEBI:76736,ec 1.9.* (oxidoreductase acting on donor heme group) inhibitor
CHEBI:33285,heteroorganic entity
CHEBI:15428,glycine
CHEBI:24028,iron(3+) chelator
CHEBI:32954,sodium acetate
CHEBI:32988,amide
CHEBI:50047,organic amino compound
CHEBI:33721,carbohydrate acid anion
CHEBI:25357,mitomycin
CHEBI:87114,antibiotic fungicide
CHEBI:32822,l-threoninium
CHEBI:17012,n-acetylneuraminic acid
CHEBI:18012,fumaric acid
CHEBI:52211,physiological role
CHEBI:47901,alkanesulfonic acid
CHEBI:27314,water-soluble vitamin (role)
CHEBI:15965,d-hexose phosphate
CHEBI:35588,3h-purine
CHEBI:25224,methanesulfonate
CHEBI:24127,fungicide
CHEBI:7916,pantothenic acid
CHEBI:15588,(r)-malate(2-)
CHEBI:33241,oxoacid derivative
CHEBI:55323,antidiarrhoeal drug
CHEBI:76834,ec 2.5.* (non-methyl-alkyl or aryl transferase) inhibitor
CHEBI:25155,manganese cation
CHEBI:24834,inorganic anion
CHEBI:134179,volatile organic compound
CHEBI:29258,dihydrogenphosphite
CHEBI:16610,spermidine
CHEBI:32689,d-argininium(1+)
CHEBI:22712,benzenes
CHEBI:13941,carbamate
CHEBI:33261,organosulfur compound
CHEBI:18283,"alpha,alpha-trehalose 6-phosphate"
CHEBI:33562,f-block element atom
CHEBI:33504,alkali metal cation
CHEBI:33836,benzenoid aromatic compound
CHEBI:22483,amino oligosaccharide
CHEBI:25883,pentahydroxyflavone
CHEBI:60027,polymer
CHEBI:36262,molybdenum oxoanion
CHEBI:58001,primary aliphatic ammonium ion
CHEBI:51057,3-phenylpropionate
CHEBI:33812,galacturonates
CHEBI:17568,uracil
CHEBI:27153,monoatomic trication
CHEBI:29202,isocyanic acid
CHEBI:16761,adp
CHEBI:50114,estrogen
CHEBI:17258,7h-purine
CHEBI:35282,sulfonium betaine
CHEBI:32627,leucinate
CHEBI:133341,choline chloride
CHEBI:50910,neurotoxin
CHEBI:26284,"propane-1,2-diols"
CHEBI:35344,21-hydroxy steroid
CHEBI:33425,halogen oxoacid
CHEBI:15351,acetyl-coa
CHEBI:17334,penicillin
CHEBI:17026,progesterone
CHEBI:15784,n-acetyl-d-glucosamine 6-phosphate
CHEBI:63056,zinc cation
CHEBI:76837,ec 1.13.11.* (oxidoreductase acting on single donors and incorporating 2 o atoms) inhibitor
CHEBI:37021,purine ribonucleoside 5'-monophosphate
CHEBI:35878,phosphanes
CHEBI:28616,carbamic acid
CHEBI:27092,tricarboxylic acid trianion
CHEBI:25699,organic ion
CHEBI:28024,cyanic acid
CHEBI:46786,diether
CHEBI:33286,agrochemical
CHEBI:46848,n-arylpiperazine
CHEBI:47013,d-ribofuranose
CHEBI:63338,deoxy sugar derivative
CHEBI:33569,noradrenaline
CHEBI:76729,ec 1.3.* (oxidoreductase acting on donor ch-ch group) inhibitor
CHEBI:29371,dioxygen(2+)
CHEBI:38497,respiratory-chain inhibitor
CHEBI:62345,l-rhamnose
CHEBI:17326,nucleoside 5'-triphoshate
CHEBI:32656,d-asparaginate
CHEBI:71392,tetracycline(1-)
CHEBI:30412,monoatomic dication
CHEBI:83039,crustacean metabolite
CHEBI:17137,hydrogensulfite
CHEBI:35225,buffer
CHEBI:24269,glucosamine phosphate
CHEBI:25585,nonmetal atom
CHEBI:63165,ribonucleoside monophosphate oxoanion
CHEBI:33798,tetraric acid anion
CHEBI:77019,"ec 1.10.99.* (oxidoreductases acting on diphenols and related substances as donors, other acceptors) inhibitor"
CHEBI:35411,"alkane-alpha,omega-diamine"
CHEBI:15356,cysteine
CHEBI:33369,cerium
CHEBI:37010,ribonucleoside 5'-monophosphate
CHEBI:33861,transition element coordination entity
CHEBI:52839,acridinium ion
CHEBI:65255,food preservative
CHEBI:28834,deoxycholic acid
CHEBI:5206,ga
CHEBI:37154,fumarate(1-)
CHEBI:64712,trivalent inorganic cation
CHEBI:75596,ec 5.* (isomerase) inhibitor
CHEBI:33189,hydrazonomalononitrile
CHEBI:15361,pyruvate
CHEBI:50313,onium cation
CHEBI:47266,hydrogen bromide
CHEBI:33733,heteronuclear cluster
CHEBI:27171,organic heterobicyclic compound
CHEBI:32612,isoleucinate
CHEBI:1549,3-hydroxymonocarboxylic acid
CHEBI:60242,monovalent inorganic cation
CHEBI:51721,"alpha,beta-unsaturated ketone"
CHEBI:33670,heteromonocyclic compound
CHEBI:37123,nucleoside bisphosphate
CHEBI:38808,calcium channel modulator
CHEBI:18139,trimethylamine
CHEBI:59561,diamino acid anion
CHEBI:52217,pharmaceutical
CHEBI:52090,methoxide
CHEBI:27026,toxin
CHEBI:67052,glyphosate(2-)
CHEBI:132950,tartrate
CHEBI:17677,ctp
CHEBI:30813,decanoic acid
CHEBI:59770,cyclic acetal
CHEBI:21006,d-glucose monophosphate
CHEBI:22718,benzoates
CHEBI:46686,azaalkane
CHEBI:26443,pyrimidine ribonucleoside monophosphate
CHEBI:50340,3-carbamimidamidopropyl group
CHEBI:48975,substituted aniline
CHEBI:25944,pesticide
CHEBI:27902,tetracycline
CHEBI:33832,organic cyclic compound
CHEBI:64047,food additive
CHEBI:47867,indicator
CHEBI:36164,amino dicarboxylic acid
CHEBI:136622,aci-nitro compound
CHEBI:26045,phosphite ion
CHEBI:17188,nucleoside 5'-monophosphate
CHEBI:16977,l-alanine
CHEBI:26562,ribose phosphate
CHEBI:36094,organic chloride salt
CHEBI:41139,"n,n,n-trimethylglycinium"
CHEBI:33754,trionic acid
CHEBI:57869,6-aminopenicillanic acid zwitterion
CHEBI:61313,c21-steroid
CHEBI:30746,benzoic acid
CHEBI:35584,purine
CHEBI:50176,keratolytic drug
CHEBI:35238,amino acid zwitterion
CHEBI:33447,phospho sugar
CHEBI:58395,myricetin(1-)
CHEBI:61214,promethazine(1+)
CHEBI:64049,food acidity regulator
CHEBI:24839,inorganic salt
CHEBI:26833,sulfur atom
CHEBI:24261,glucocorticoid
CHEBI:16997,"propane-1,2-diol"
CHEBI:50326,sulfanylmethyl group
CHEBI:47909,3-oxo-delta(4) steroid
CHEBI:87113,antibiotic antifungal drug
CHEBI:28422,3-oxohexanoic acid
CHEBI:77932,tetracycline zwitterion
CHEBI:76741,"ec 1.14.* (oxidoreductase acting on paired donors, with incorporation or reduction of molecular oxygen) inhibitor"
CHEBI:62414,biotinyl-5'-amp(1-)
CHEBI:24583,hexitol
CHEBI:86478,antibiotic antifungal agent
CHEBI:16221,sn-glycerol 1-phosphate
CHEBI:73539,naphthyridine derivative
CHEBI:63153,n-acetyl-d-mannosamine
CHEBI:36364,alkaline earth salt
CHEBI:26394,purine nucleoside
CHEBI:32845,serinate
CHEBI:60073,n-acylneuraminate
CHEBI:17891,donor
CHEBI:22324,alkyl phosphate
CHEBI:36878,inorganic radical ion
CHEBI:24961,ketoaldonate
CHEBI:32628,leucinium
CHEBI:18310,alkane
CHEBI:52855,inorganic nanoparticle
CHEBI:50160,steroid acid anion
CHEBI:20702,2-aminopurines
CHEBI:24561,hexahydroxyflavone
CHEBI:47622,acetate ester
CHEBI:37164,homopolysaccharide
CHEBI:33458,nitrogen oxoanion
CHEBI:51308,dinitrile
CHEBI:32564,lysinium(1+)
CHEBI:33560,p-block element atom
CHEBI:59203,straight-chain fatty acid anion
CHEBI:59869,l-alpha-amino acid zwitterion
CHEBI:32398,d-glyceric acid
CHEBI:30779,succinate(1-)
CHEBI:33433,monoatomic halogen
CHEBI:83057,daphnia metabolite
CHEBI:132130,hydroxyquinone
CHEBI:18140,hydrogen halide
CHEBI:47016,tetrahydrofuranone
CHEBI:47978,n-acetylmuramate
CHEBI:50903,carcinogenic agent
CHEBI:26708,sodium atom
CHEBI:51336,metal sulfate
CHEBI:17879,4-hydroxybenzoate
CHEBI:31206,ammonium chloride
CHEBI:22658,aspartate family amino acid
CHEBI:16733,d-alpha-amino acid
CHEBI:29321,sodium nitroprusside
CHEBI:51354,benzylpenicillin(1-)
CHEBI:27363,zinc atom
CHEBI:25255,methyl methanesulfonate
CHEBI:32599,magnesium sulfate
CHEBI:22289,aldaric acid anion
CHEBI:64909,poison
CHEBI:27114,trihydroxy-5beta-cholanic acid
CHEBI:132155,hydroxynaphthoquinone
CHEBI:37080,acrylate
CHEBI:33901,fructuronates
CHEBI:50847,immunological adjuvant
CHEBI:25212,metabolite
CHEBI:49976,zinc dichloride
CHEBI:35891,propylphosphine
CHEBI:59062,polymyxin
CHEBI:78433,refrigerant
CHEBI:25000,lactone
CHEBI:131878,cholanic acid anion
CHEBI:38975,methylbenzene
CHEBI:35519,cholane
CHEBI:26439,pyrimidine nucleoside triphosphate
CHEBI:35883,phosphine
CHEBI:17544,hydrogencarbonate
CHEBI:66873,c4-dicarboxylic acid
CHEBI:55417,maleimides
CHEBI:24978,ketose
CHEBI:73690,erythrose 4-phosphate/phosphoenolpyruvate family amino acid
CHEBI:78118,fatty acid anion 10:0
CHEBI:24592,hexuronic acid
CHEBI:35275,s-glycosyl compound
CHEBI:2559,aldohexose 6-phosphate
CHEBI:26396,purine ribonucleoside diphosphate
CHEBI:21644,n-acyl-l-amino acid
CHEBI:18154,polysaccharide
CHEBI:15713,utp
CHEBI:27689,decanoate
CHEBI:30812,iron dichloride
CHEBI:33429,monoatomic monoanion
CHEBI:50331,3-amino-3-oxopropyl group
CHEBI:30751,formic acid
CHEBI:88212,lead(ii) chloride
CHEBI:33242,inorganic hydride
CHEBI:30351,"2,2'-bipyridine"
CHEBI:22527,aminopurine
CHEBI:52214,ligand
CHEBI:36272,tungstic acid
CHEBI:29917,thiol group
CHEBI:15354,choline
CHEBI:25140,maltodextrin
CHEBI:61697,fatty acid derivative
CHEBI:50511,bipyridines
CHEBI:50904,allergen
CHEBI:35776,arsenic oxoanion
CHEBI:26933,tetraric acid
CHEBI:48843,disodium selenite
CHEBI:32613,isoleucinium
CHEBI:36237,cholanic acid
CHEBI:62164,n-acetylmannosamine
CHEBI:91007,aromatic carboxylate
CHEBI:50325,proteinogenic amino-acid side-chain group
CHEBI:34905,paraquat
CHEBI:24431,chemical entity
CHEBI:59871,d-alpha-amino acid zwitterion
CHEBI:51851,ketonitrile
CHEBI:26948,vitamin b1
CHEBI:38716,carboxylic acid dianion
CHEBI:78682,"d-fructose 1,6-bisphosphate"
CHEBI:36339,baryon
CHEBI:88187,penicillin allergen
CHEBI:22927,bromine atom
CHEBI:33653,aliphatic compound
CHEBI:50658,ampicillin(1-)
CHEBI:35352,organonitrogen compound
CHEBI:18059,lipid
CHEBI:16716,benzene
CHEBI:26216,potassium atom
CHEBI:64996,ec 1.13.11.33 (arachidonate 15-lipoxygenase) inhibitor
CHEBI:43176,hydroxy group
CHEBI:82663,elemental iron
CHEBI:25370,molybdenum molecular entity
CHEBI:86383,ec 5.3.3.* (intramolecular oxidase transposing c=c bonds) inhibitor
CHEBI:51026,macrocycle
CHEBI:33942,ribose
CHEBI:24113,fructuronic acid
CHEBI:76907,ec 4.2.1.* (hydro-lyases) inhibitor
CHEBI:22728,benzopyrrole
CHEBI:48706,antagonist
CHEBI:76730,ec 1.4.* (oxidoreductase acting on donor ch-nh2 group) inhibitor
CHEBI:23843,disaccharide phosphate
CHEBI:48219,disinfectant
CHEBI:37958,dye
CHEBI:48929,"3-carboxy-2,3-dihydroxypropanoate"
CHEBI:26672,siderophore
CHEBI:33308,carboxylic ester
CHEBI:18208,benzylpenicillin
CHEBI:15672,d-tartaric acid
CHEBI:28868,fatty acid anion
CHEBI:18421,superoxide
CHEBI:33567,catecholamine
CHEBI:35992,penams
CHEBI:17301,glucaric acid
CHEBI:33186,malononitrile
CHEBI:33552,sulfonic acid derivative
CHEBI:32435,d-alaninate
CHEBI:35442,antiparasitic agent
CHEBI:26455,pyrroles
CHEBI:48360,amphiprotic solvent
CHEBI:33489,selenium oxoacid
CHEBI:28098,kanamycin b
CHEBI:59174,hapten
CHEBI:76881,ec 2.7.1.* (phosphotransferases with an alcohol group as acceptor) inhibitor
CHEBI:42266,ethane
CHEBI:59517,dna synthesis inhibitor
CHEBI:15339,acceptor
CHEBI:25388,monohydroxybenzoate
CHEBI:50795,nanostructure
CHEBI:21601,n-acetyl-d-hexosamine
CHEBI:25754,oxo carboxylic acid
CHEBI:61292,guanyl nucleotide
CHEBI:32827,d-threoninate
CHEBI:24852,insecticide
CHEBI:26391,purine nucleoside diphosphate
CHEBI:35695,dicarboxylic acid monoanion
CHEBI:58588,flavonol oxoanion
CHEBI:59644,oxo fatty acid
CHEBI:33303,chalcogen
CHEBI:86327,antifungal drug
CHEBI:13705,acetoacetate
CHEBI:50995,secondary amino compound
CHEBI:25701,organic oxide
CHEBI:16359,cholic acid
CHEBI:131620,c24-steroid
CHEBI:16867,d-methionine
CHEBI:33969,gold molecular entity
CHEBI:20664,5beta-cholane
CHEBI:76857,"ec 1.3.1.* (oxidoreductase acting on donor ch-ch group, nad(+) or nadp(+) as acceptor) inhibitor"
CHEBI:30753,4-aminobenzoic acid
CHEBI:33356,iron group element atom
CHEBI:33248,hydrocarbyl group
CHEBI:24436,guanidines
CHEBI:27175,tyramines
CHEBI:24471,halogen molecular entity
CHEBI:22660,aspartic acid
CHEBI:27563,arsenic atom
CHEBI:71339,novobiocin(1-)
CHEBI:80368,l-ascorbate 6-phosphate
CHEBI:61293,adenyl nucleotide
CHEBI:52092,ethoxide
CHEBI:19237,2'-deoxyadenosine 5'-phosphate
CHEBI:39143,lewis acid
CHEBI:38263,2-amino-3-hydroxybutanoic acid
CHEBI:50566,nitric oxide donor
CHEBI:22507,aminoglycoside antibiotic
CHEBI:17489,"3',5'-cyclic amp"
CHEBI:15570,d-alanine
CHEBI:47811,penamcarboxylate
CHEBI:9907,ursodeoxycholic acid
CHEBI:62031,polar amino acid zwitterion
CHEBI:21622,n-acetylneuraminic acids
CHEBI:36807,hydrochloride
CHEBI:48901,thiazoles
CHEBI:36338,lepton
CHEBI:58432,histaminium
CHEBI:43799,butan-1-amine
CHEBI:33431,elemental chlorine
CHEBI:27998,tungsten
CHEBI:57685,sn-glycerol 1-phosphate(2-)
CHEBI:15537,phenylacetyl-coa
CHEBI:22587,antiviral agent
CHEBI:35627,beta-lactam
CHEBI:18379,nitrile
CHEBI:24061,fluorine atom
CHEBI:15724,trimethylamine n-oxide
CHEBI:60911,racemate
CHEBI:78737,fructose 1-phosphate
CHEBI:58048,l-asparagine zwitterion
CHEBI:24875,iron cation
CHEBI:32871,prolinate
CHEBI:59789,s-adenosyl-l-methionine zwitterion
CHEBI:30347,ethylenediamine
CHEBI:40646,autoinducer-2
CHEBI:237958,"({[(2r,3s,4r,5r)-3,4-dihydroxy-5-(9h-purin-9-yl)oxolan-2-yl]methyl phosphonato}oxy)(phosphonatooxy)phosphinate"
CHEBI:36586,carbonyl compound
CHEBI:63072,l-homocysteinate
CHEBI:25432,muramic acids
CHEBI:84734,fe(iii)-complexed siderophore
CHEBI:61297,adenyl deoxyribonucleotide
CHEBI:50584,alkyl alcohol
CHEBI:22495,aminobenzoic acid
CHEBI:51803,aminoacridines
CHEBI:76971,escherichia coli metabolite
CHEBI:25693,organic heteromonocyclic compound
CHEBI:26834,sulfur-containing amino acid
CHEBI:39141,bronsted acid
CHEBI:22290,aldaric acid
CHEBI:38323,cholinergic drug
CHEBI:33295,diagnostic agent
CHEBI:24043,flavones
CHEBI:16647,l-fuculose 1-phosphate
CHEBI:59558,medium-chain fatty acid anion
CHEBI:47018,monohydroxytetrahydrofuran
CHEBI:26288,propanediol
CHEBI:23424,cyanides
CHEBI:17588,l-homocysteine
CHEBI:26441,pyrimidine nucleotide
CHEBI:4356,desferrioxamine b
CHEBI:36265,transition element oxoacid
CHEBI:17120,hexanoate
CHEBI:27539,isatin
CHEBI:36277,bile acid salt
CHEBI:9180,sodium salicylate
CHEBI:83347,organosulfonic ester
CHEBI:33345,titanium group element atom
CHEBI:71338,autoinducer
CHEBI:35969,3-hydroxy monocarboxylic acid
CHEBI:46998,ribofuranose
CHEBI:35942,neurotransmitter agent
CHEBI:47037,cyclic purine dinucleotide
CHEBI:29995,aspartate(2-)
CHEBI:33655,aromatic compound
CHEBI:36274,glycochenodeoxycholic acid
CHEBI:26820,sulfates
CHEBI:8461,promethazine
CHEBI:45696,hydrogensulfate
CHEBI:23132,chlorobenzenes
CHEBI:76740,ec 1.13.* [oxidoreductase acting on single donors with incorporation of molecular oxygen (oxygenases)] inhibitor
CHEBI:52895,rhodamine 6g(1+)
CHEBI:32785,tyrosinate(2-)
CHEBI:22868,bile salt
CHEBI:47017,tetrahydrofuranol
CHEBI:47877,hexose 6-phosphate
CHEBI:31011,valerate
CHEBI:5975,iron chelate
CHEBI:35720,enrofloxacin
CHEBI:138015,endocrine disruptor
CHEBI:25676,oligopeptide
CHEBI:36896,monoatomic bromine
CHEBI:57597,sn-glycerol 3-phosphate(2-)
CHEBI:32678,glutaminate
CHEBI:24337,glutathione derivative
CHEBI:64911,antimitotic
CHEBI:16381,2'-deoxyribonucleoside 5'-triphosphate
CHEBI:67142,nucleobase analogue
CHEBI:16708,adenine
CHEBI:49807,lead(2+)
CHEBI:28260,galactose
CHEBI:26707,glycerol phosphate
CHEBI:26444,pyrimidine ribonucleoside triphosphate
CHEBI:41609,carbonate
CHEBI:35230,fossil fuel
CHEBI:35692,dicarboxylic acid
CHEBI:76893,ec 3.4.14.2 (dipeptidyl-peptidase ii) inhibitor
CHEBI:73754,thiosugar
CHEBI:37155,hydrogen butenedioate
CHEBI:28869,menadione
CHEBI:36340,fermion
CHEBI:24577,hexaric acid
CHEBI:134108,lipopolysaccharide biosynthesis inhibitor
CHEBI:26463,pyruvate family amino acid
CHEBI:33497,transition element molecular entity
CHEBI:35808,citrate(2-)
CHEBI:47857,ureas
CHEBI:29806,fumarate(2-)
CHEBI:55324,gastrointestinal drug
CHEBI:72756,kanamycin x(3+)
CHEBI:26069,phosphonic acids
CHEBI:29016,arginine
CHEBI:30513,antimony atom
CHEBI:57513,n-acetyl-d-glucosamine 6-phosphate(2-)
CHEBI:17296,aniline
CHEBI:30928,meso-tartrate(2-)
CHEBI:33273,polyatomic anion
CHEBI:33558,alpha-amino-acid anion
CHEBI:35131,aldose phosphate
CHEBI:17418,valeric acid
CHEBI:75416,ec 6.1.1.* (ligases forming aminoacyl trna and related compounds) inhibitor
CHEBI:76871,ec 2.1.1.* (methyltransferases) inhibitor
CHEBI:23449,cyclic peptide
CHEBI:29746,glycocholate
CHEBI:24154,galactosamine phosphate
CHEBI:33280,molecular messenger
CHEBI:26438,pyrimidine nucleoside monophosphate
CHEBI:23614,deoxycholate
CHEBI:16235,guanine
CHEBI:49095,beta-amino-acid anion
CHEBI:27744,glyphosate
CHEBI:27252,uronic acid
CHEBI:30613,glucarate(2-)
CHEBI:36264,molybdate
CHEBI:76551,n-nitrosoureas
CHEBI:15138,sulfide(2-)
CHEBI:78117,fatty acid anion 8:0
CHEBI:33570,benzenediols
CHEBI:37175,organic hydride
CHEBI:26217,potassium molecular entity
CHEBI:136889,5beta steroid
CHEBI:58953,saturated fatty acid anion
CHEBI:137982,tertiary ammonium ion
CHEBI:35623,anticonvulsant
CHEBI:39447,pyrimidines
CHEBI:57719,d-tryptophan zwitterion
CHEBI:16659,d-glycerate
CHEBI:231935,glycerol 1-phosphate(2-)
CHEBI:79020,"alpha,beta-unsaturated monocarboxylic acid"
CHEBI:32786,tyrosinium
CHEBI:23114,chloride salt
CHEBI:22950,butan-4-olide
CHEBI:75787,prokaryotic metabolite
CHEBI:6650,malic acid
CHEBI:24810,indol-3-yl carboxylic acid
CHEBI:26642,selenous acid
CHEBI:35273,quaternary ammonium salt
CHEBI:85046,skin lightening agent
CHEBI:33250,atom
CHEBI:77974,food packaging gas
CHEBI:62488,signalling molecule
CHEBI:23905,monoatomic anion
CHEBI:50276,ec 5.99.1.2 (dna topoisomerase) inhibitor
CHEBI:64709,organic acid
CHEBI:63471,branched-chain amino-acid anion
CHEBI:22565,ansamycin
CHEBI:33362,nickel group element atom
CHEBI:16027,adenosine 5'-monophosphate
CHEBI:33983,deoxymannose
CHEBI:27955,streptamine
CHEBI:35728,lanthanoid coordination entity
CHEBI:52210,pharmacological role
CHEBI:49167,anti-asthmatic drug
CHEBI:33833,heteroarene
CHEBI:57972,l-alanine zwitterion
CHEBI:27024,toluenes
CHEBI:35274,ammonium ion derivative
CHEBI:32458,cysteinium
CHEBI:2676,amoxicillin
CHEBI:33281,antimicrobial agent
CHEBI:32637,d-methioninate
CHEBI:23634,deoxyaldopentose phosphate
CHEBI:33860,aromatic amine
CHEBI:27093,tricarboxylic acid
CHEBI:78675,fundamental metabolite
CHEBI:22599,arabinose
CHEBI:28885,butan-1-ol
CHEBI:45373,sulfanilamide
CHEBI:38627,diazine
CHEBI:52215,photochemical role
CHEBI:22651,ascorbate
CHEBI:25741,oxide
CHEBI:73311,adenosine receptor agonist
CHEBI:22314,alkali metal atom
CHEBI:38215,calcium channel blocker
CHEBI:55373,isoxazoles
CHEBI:13248,anilide
CHEBI:25481,naphthoquinone
CHEBI:38443,1-benzopyran
CHEBI:18232,d-galactosamine 6-phosphate
CHEBI:77922,isopentenol
CHEBI:64106,protein kinase agonist
CHEBI:29035,manganese(2+)
CHEBI:456215,adenosine 5'-monophosphate(2-)
CHEBI:17668,ribonucleoside diphosphate
CHEBI:62070,nalidixic acid anion
CHEBI:25197,mercury cation
CHEBI:75603,ec 6.* (ligase) inhibitor
CHEBI:33731,cluster
CHEBI:35488,central nervous system depressant
CHEBI:15674,"2,3-dihydroxybutanedioic acid"
CHEBI:23824,diol
CHEBI:32717,d-tryptophanium
CHEBI:50908,hepatotoxic agent
CHEBI:49105,thiamine hydrochloride
CHEBI:15978,sn-glycerol 3-phosphate
CHEBI:18248,iron atom
CHEBI:38104,oxacycle
CHEBI:37193,elemental lead
CHEBI:16277,haloacetic acid
CHEBI:57966,beta-alanine zwitterion
CHEBI:15956,biotin
CHEBI:61295,guanyl ribonucleotide
CHEBI:36875,radical ion
CHEBI:33540,thiosulfuric acid
CHEBI:29640,n-(3-oxohexanoyl)homoserine lactone
CHEBI:18291,manganese atom
CHEBI:35443,anthelminthic drug
CHEBI:57971,hygromycin b(3+)
CHEBI:25367,molecule
CHEBI:25516,nickel cation
CHEBI:8310,polymyxin b sulfate
CHEBI:24898,isoleucine
CHEBI:51217,fluorochrome
CHEBI:23982,ethanols
CHEBI:21655,n-acylgalactosamine
CHEBI:66916,alanine zwitterion
CHEBI:15676,allantoin
CHEBI:37176,mononuclear parent hydride
CHEBI:15671,l-tartaric acid
CHEBI:32443,l-cysteinate(2-)
CHEBI:39203,dibenzopyran
CHEBI:29678,sodium arsenite
CHEBI:2571,aliphatic alcohol
CHEBI:29105,zinc(2+)
CHEBI:46867,indolyl carboxylic acid
CHEBI:134438,titanium oxides
CHEBI:134109,ec 3.5.1.108 (udp-3-o-acyl-n-acetylglucosamine deacetylase) inhibitor
CHEBI:26788,streptomycins
CHEBI:24268,glucooligosaccharide
CHEBI:33763,trionate
CHEBI:33742,tungsten molecular entity
CHEBI:26580,rifamycins
CHEBI:78366,ec 2.7.1.1 (hexokinase) inhibitor
CHEBI:36044,antiviral drug
CHEBI:26816,carbohydrate phosphate
CHEBI:33296,alkali metal molecular entity
CHEBI:35341,steroid
CHEBI:33443,halogen oxoanion
CHEBI:36914,inorganic ion
CHEBI:35247,d-serine zwitterion
CHEBI:51061,hormone receptor modulator
CHEBI:35438,nickel coordination entity
CHEBI:137081,corm 3
CHEBI:16002,d-glucaric acid
CHEBI:27780,detergent
CHEBI:58549,kanamycin b(5+)
CHEBI:51356,penicillinate anion
CHEBI:76712,ec 4.2.* (c-o lyase) inhibitor
CHEBI:16134,ammonia
CHEBI:33801,d-glucarate(1-)
CHEBI:33246,inorganic group
CHEBI:60004,mixture
CHEBI:22160,acetamides
CHEBI:70727,topoisomerase inhibitor
CHEBI:47779,aminoglycoside
CHEBI:33916,aldopentose
CHEBI:3020,benzalkonium chloride
CHEBI:45557,sec-butyl group
CHEBI:26004,phenylpropanoid
CHEBI:35358,sulfonamide
CHEBI:36360,phosphorus oxoacids and derivatives
CHEBI:78017,food propellant
CHEBI:25351,mevalonic acid
CHEBI:46398,utp(4-)
CHEBI:35106,nitrogen hydride
CHEBI:36252,glycochenodeoxycholate
CHEBI:17630,kanamycin a
CHEBI:72544,flavonoids
CHEBI:50996,tertiary amino compound
CHEBI:35297,acene
CHEBI:48819,cyano group
CHEBI:16516,2'-deoxyribonucleoside triphosphate
CHEBI:33775,lanthanoid molecular entity
CHEBI:32114,salicylamide
CHEBI:23447,cyclic nucleotide
CHEBI:35868,hydroxy monocarboxylic acid
CHEBI:38700,organic sodium salt
CHEBI:22256,adenosine phosphate
CHEBI:36565,cadmium coordination entity
CHEBI:64290,erythromycin cation
CHEBI:30797,(s)-malic acid
CHEBI:26836,sulfuric acid
CHEBI:25506,neuraminates
CHEBI:5417,glucosamine
CHEBI:64558,methionine zwitterion
CHEBI:25549,nitrites
CHEBI:3992,cyclic ketone
CHEBI:61448,isopropyl beta-d-thiogalactopyranoside
CHEBI:17836,4-aminobenzoate
CHEBI:23423,pseudohalogen oxoacid
CHEBI:25362,elemental molecule
CHEBI:33292,fuel
CHEBI:30768,propionic acid
CHEBI:60798,excitatory amino acid antagonist
CHEBI:35571,mancude organic heterocyclic parent
CHEBI:48377,imidic acid
CHEBI:24591,hexuronate
CHEBI:50416,d-glucose 3-phosphate
CHEBI:14336,glycerol 1-phosphate
CHEBI:63726,neuroprotective agent
CHEBI:61689,amino cyclitol
CHEBI:50505,sweetening agent
CHEBI:25848,pantothenic acids
CHEBI:62944,sialic acid anion
CHEBI:42820,guanidine
CHEBI:58805,c-di-gmp(2-)
CHEBI:50248,hematologic agent
CHEBI:33304,chalcogen molecular entity
CHEBI:59792,thioacetal
CHEBI:38462,ec 3.1.1.7 (acetylcholinesterase) inhibitor
CHEBI:23117,chlorine molecular entity
CHEBI:84055,pentose phosphate
CHEBI:37240,"adenosine 3',5'-bisphosphate"
CHEBI:51569,n-acyl-amino acid
CHEBI:19260,2'-deoxyribonucleotide
CHEBI:33541,thiosulfate(1-)
CHEBI:38260,pyrrolidines
CHEBI:28757,fructose
CHEBI:26386,purine nucleobase
CHEBI:21619,n-acetylneuraminates
CHEBI:23354,coenzyme
CHEBI:27933,beta-lactam antibiotic
CHEBI:39446,pyrimidine ribonucleosides
CHEBI:37528,sn-glycerol 1-phosphates
CHEBI:36342,subatomic particle
CHEBI:35191,triterpene
CHEBI:76759,ec 3.* (hydrolase) inhibitor
CHEBI:37246,elemental sodium
CHEBI:33462,phosphonate(1-)
CHEBI:35523,bronchodilator agent
CHEBI:28847,d-fucose
CHEBI:29864,mannitol
CHEBI:47019,dihydroxytetrahydrofuran
CHEBI:17061,d-glutamine
CHEBI:76964,penicillium metabolite
CHEBI:29793,hydridodioxygen(1+)
CHEBI:35804,citrate(1-)
CHEBI:38261,imidazolidines
CHEBI:2956,azlocillin
CHEBI:58633,l-homoserine lactone(1+)
CHEBI:35972,dihydroxy monocarboxylic acid
CHEBI:35479,alkali metal salt
CHEBI:38496,electron-transport chain inhibitor
CHEBI:65053,ec 4.1.1.19 (arginine decarboxylase) inhibitor
CHEBI:26397,purine ribonucleoside monophosphate
CHEBI:36084,dihydroxybenzoate
CHEBI:16988,d-ribose
CHEBI:77941,ec 3.5.1.4 (amidase) inhibitor
CHEBI:28262,dimethyl sulfoxide
CHEBI:28965,dicarboxylic acid dianion
CHEBI:21337,idonic acid
CHEBI:22928,bromine molecular entity
CHEBI:24970,ketohexose bisphosphate
CHEBI:35397,tartrate(1-)
CHEBI:33745,copper group molecular entity
CHEBI:25555,nitrogen atom
CHEBI:26469,quaternary nitrogen compound
CHEBI:3424,carnitinium
CHEBI:75092,morin
CHEBI:63041,manganese(ii) chloride
CHEBI:33535,sulfur hydride
CHEBI:50337,1h-indol-3-ylmethyl group
CHEBI:28163,iron(iii) hydroxamate
CHEBI:23509,cysteine derivative
CHEBI:41808,decane
CHEBI:16296,d-tryptophan
CHEBI:74345,"1-(5-hydroxy-2-oxo-2,3-dihydroimidazol-4-yl)urea"
CHEBI:36615,triterpenoid
CHEBI:77523,maillard reaction product
CHEBI:35711,ursane
CHEBI:30927,d-tartrate(2-)
CHEBI:24982,ketotriose
CHEBI:22727,benzopyran
CHEBI:23966,estrane
CHEBI:50745,progestogen
CHEBI:65327,d-xylose
CHEBI:63161,glycosyl compound
CHEBI:57930,nucleoside 5'-diphosphate(3-)
CHEBI:66952,homocysteinate
CHEBI:28358,rac-lactic acid
CHEBI:77881,ec 4.3.1.15 (diaminopropionate ammonia-lyase) inhibitor
CHEBI:45441,n-acetyl-l-serine
CHEBI:50699,oligosaccharide
CHEBI:29922,sulfo group
CHEBI:32816,pyruvic acid
CHEBI:25696,organic anion
CHEBI:79389,monovalent inorganic anion
CHEBI:76744,ec 1.17.* (oxidoreductase acting on ch or ch2) inhibitor
CHEBI:33709,amino acid
CHEBI:63332,ec 3.1.3.1 (alkaline phosphatase) inhibitor
CHEBI:24458,guanosines
CHEBI:17359,sulfite
CHEBI:33452,benzylic group
CHEBI:23765,quinolone
CHEBI:61115,ec 3.5.1.98 (histone deacetylase) inhibitor
CHEBI:27369,zwitterion
CHEBI:36344,hadron
CHEBI:33520,tellurium oxoanion
CHEBI:6104,kanamycin
CHEBI:37038,purine ribonucleoside 5'-diphosphate
CHEBI:76788,ec 3.4.14.* (dipeptidyl- and tripeptidyl-peptidases) inhibitor
CHEBI:36976,nucleotide
CHEBI:60240,divalent metal cation
CHEBI:33568,adrenaline
CHEBI:17981,o-acetyl-l-serine
CHEBI:63409,pentose derivative
CHEBI:18152,myricetin
CHEBI:33694,biomacromolecule
CHEBI:22823,beta-alanine derivative
CHEBI:23677,diazole
CHEBI:60584,bicozamycin
CHEBI:131604,mycoplasma genitalium metabolite
CHEBI:9473,tetrachlorosalicylanilide
CHEBI:35507,natural product fundamental parent
CHEBI:26400,purine ribonucleotide
CHEBI:59826,progestin
CHEBI:38179,monocyclic heteroarene
CHEBI:9177,sodium deoxycholate
CHEBI:15693,aldose
CHEBI:48422,angiogenesis inhibitor
CHEBI:29924,hydrogenselenite
CHEBI:38632,membrane transport modulator
CHEBI:35406,oxoanion
CHEBI:75604,ec 6.4.* (c-c bond-forming ligase) inhibitor
CHEBI:59640,n-acetylglucosamine
CHEBI:46502,tungstate
CHEBI:23652,dextrin
CHEBI:58342,acyl-coa(4-)
CHEBI:17497,glycolic acid
CHEBI:36816,oxime o-ether
CHEBI:62049,acyl donor
CHEBI:60248,nickel ion
CHEBI:28685,molybdenum atom
CHEBI:76413,greenhouse gas
CHEBI:57481,utp(3-)
CHEBI:36885,20-oxo steroid
CHEBI:32565,lysinium(2+)
CHEBI:35558,2h-pyrrole
CHEBI:17796,l-idonate
CHEBI:33663,cyclic hydrocarbon
CHEBI:57694,quercetin-7-olate
CHEBI:23403,coumarins
CHEBI:25017,leucine
CHEBI:22299,aldonate
CHEBI:35296,ortho-fused polycyclic arene
CHEBI:32431,l-alaninate
CHEBI:35381,monosaccharide
CHEBI:84189,l-threonine derivative
CHEBI:35346,11beta-hydroxy steroid
CHEBI:35990,bridged compound
CHEBI:27084,trehalose phosphate
CHEBI:46895,lipopeptide
CHEBI:24266,gluconic acid
CHEBI:24829,indolones
CHEBI:33191,potassium cyanide
CHEBI:23240,chromophore
CHEBI:29438,methanide
CHEBI:24995,lactam
CHEBI:33702,polyatomic cation
CHEBI:60926,amino monosaccharide
CHEBI:32504,phenylalaninate
CHEBI:25389,monohydroxybenzoic acid
CHEBI:30929,"2,3-dihydroxybutanedioate"
CHEBI:25703,organic phosphate
CHEBI:495505,datp(3-)
CHEBI:22645,arenecarboxamide
CHEBI:26390,purine 2'-deoxyribonucleotide
CHEBI:33768,titanium group molecular entity
CHEBI:37163,glucan
CHEBI:71671,aldonate(1-)
CHEBI:30657,d-homoserine lactone
CHEBI:38101,organonitrogen heterocyclic compound
CHEBI:16243,quercetin
CHEBI:33306,carbon group element atom
CHEBI:38785,morpholines
CHEBI:57560,long-chain fatty acid anion
CHEBI:38131,lactol
CHEBI:64570,ec 2.1.2.1 (glycine hydroxymethyltransferase) inhibitor
CHEBI:24405,glycosylglucose
CHEBI:33529,idonate
CHEBI:30745,phenylacetic acid
CHEBI:36043,antimicrobial drug
CHEBI:17632,nitrate
CHEBI:90333,(e)-3-(indol-2-yl)acrylic acid
CHEBI:50562,tartrate salt
CHEBI:35390,galactarate(1-)
CHEBI:73474,acetylenic compound
CHEBI:37016,2'-deoxyribonucleoside 5'-phosphate
CHEBI:16551,"alpha,alpha-trehalose"
CHEBI:51570,biotins
CHEBI:76832,ec 4.3.1.* (ammonia-lyase) inhibitor
CHEBI:63005,sodium nitrate
CHEBI:28971,ampicillin
CHEBI:33231,antitubercular agent
CHEBI:24628,"imidazolidine-2,4-dione"
CHEBI:83812,non-proteinogenic amino acid derivative
CHEBI:33247,organic group
CHEBI:47004,alpha-l-ribose
CHEBI:50916,lipid kinase inhibitor
CHEBI:48376,carbamimidic acid
CHEBI:35586,1h-purine
CHEBI:15379,dioxygen
CHEBI:17348,d-aldohexose 6-phosphate
CHEBI:52672,rhodamine 6g
CHEBI:33437,chlorine oxoanion
CHEBI:52362,ortho-fused heteroarene
CHEBI:33253,nucleon
CHEBI:35580,n-oxide
CHEBI:30985,"4,4'-bipyridine"
CHEBI:51277,thioester
CHEBI:39418,straight-chain saturated fatty acid
CHEBI:16567,anthranilate
CHEBI:29033,iron(2+)
CHEBI:16828,l-tryptophan
CHEBI:23217,cholines
CHEBI:24632,hydrocarbon
CHEBI:42017,"2,4-dinitrophenol"
CHEBI:48379,isourea
CHEBI:65256,antimicrobial food preservative
CHEBI:32507,glycinium
CHEBI:24972,ketohexose phosphate
CHEBI:17087,ketone
CHEBI:52209,aetiopathogenetic role
CHEBI:50750,ec 5.99.1.3 [dna topoisomerase (atp-hydrolysing)] inhibitor
CHEBI:24803,indole-3-acetic acids
CHEBI:23018,ec 4.2.1.1 (carbonic anhydrase) inhibitor
CHEBI:21759,n-methyl-n'-nitro-n-nitrosoguanidine
CHEBI:17774,pimelate(1-)
CHEBI:51143,nitrogen molecular entity
CHEBI:8386,pregnane
CHEBI:57416,d-alanine zwitterion
CHEBI:83824,l-cysteine derivative
CHEBI:74713,"3,6-diaminoacridine(2+)"
CHEBI:2427,acid amide
CHEBI:25154,manganese molecular entity
CHEBI:16958,beta-alanine
CHEBI:71674,d-galactosamine 6-phosphate(1-)
CHEBI:37659,oleanolic acid
CHEBI:25512,neurotransmitter
CHEBI:23101,"n,n'-diacetylchitobioses"
CHEBI:24913,isoprenoid
CHEBI:58165,"3',5'-cyclic amp(1-)"
CHEBI:25196,mercury molecular entity
CHEBI:35366,fatty acid
CHEBI:24610,homocysteines
CHEBI:13643,glycol
CHEBI:36235,bile acid anion
